year,freq_desc,reference_period_desc,state_name,state_alpha,state_fips,short_desc,unit_desc,value
2015,ANNUAL,YEAR,ALASKA,AK,02,"CATTLE, COWS, MILK, LICENSED HERD - OPERATIONS WITH INVENTORY, AVG",OPERATIONS,2
2015,ANNUAL,YEAR,ALABAMA,AL,01,"CATTLE, COWS, MILK, LICENSED HERD - OPERATIONS WITH INVENTORY, AVG",OPERATIONS,35
2015,ANNUAL,YEAR,ARKANSAS,AR,05,"CATTLE, COWS, MILK, LICENSED HERD - OPERATIONS WITH INVENTORY, AVG",OPERATIONS,70
2015,ANNUAL,YEAR,ARIZONA,AZ,04,"CATTLE, COWS, MILK, LICENSED HERD - OPERATIONS WITH INVENTORY, AVG",OPERATIONS,110
2015,ANNUAL,YEAR,CALIFORNIA,CA,06,"CATTLE, COWS, MILK, LICENSED HERD - OPERATIONS WITH INVENTORY, AVG",OPERATIONS,"1,440"
2015,ANNUAL,YEAR,COLORADO,CO,08,"CATTLE, COWS, MILK, LICENSED HERD - OPERATIONS WITH INVENTORY, AVG",OPERATIONS,120
2015,ANNUAL,YEAR,CONNECTICUT,CT,09,"CATTLE, COWS, MILK, LICENSED HERD - OPERATIONS WITH INVENTORY, AVG",OPERATIONS,120
2015,ANNUAL,YEAR,DELAWARE,DE,10,"CATTLE, COWS, MILK, LICENSED HERD - OPERATIONS WITH INVENTORY, AVG",OPERATIONS,35
2015,ANNUAL,YEAR,FLORIDA,FL,12,"CATTLE, COWS, MILK, LICENSED HERD - OPERATIONS WITH INVENTORY, AVG",OPERATIONS,130
2015,ANNUAL,YEAR,GEORGIA,GA,13,"CATTLE, COWS, MILK, LICENSED HERD - OPERATIONS WITH INVENTORY, AVG",OPERATIONS,220
2015,ANNUAL,YEAR,HAWAII,HI,15,"CATTLE, COWS, MILK, LICENSED HERD - OPERATIONS WITH INVENTORY, AVG",OPERATIONS,2
2015,ANNUAL,YEAR,IOWA,IA,19,"CATTLE, COWS, MILK, LICENSED HERD - OPERATIONS WITH INVENTORY, AVG",OPERATIONS,"1,360"
2015,ANNUAL,YEAR,IDAHO,ID,16,"CATTLE, COWS, MILK, LICENSED HERD - OPERATIONS WITH INVENTORY, AVG",OPERATIONS,520
2015,ANNUAL,YEAR,ILLINOIS,IL,17,"CATTLE, COWS, MILK, LICENSED HERD - OPERATIONS WITH INVENTORY, AVG",OPERATIONS,680
2015,ANNUAL,YEAR,INDIANA,IN,18,"CATTLE, COWS, MILK, LICENSED HERD - OPERATIONS WITH INVENTORY, AVG",OPERATIONS,"1,210"
2015,ANNUAL,YEAR,KANSAS,KS,20,"CATTLE, COWS, MILK, LICENSED HERD - OPERATIONS WITH INVENTORY, AVG",OPERATIONS,300
2015,ANNUAL,YEAR,KENTUCKY,KY,21,"CATTLE, COWS, MILK, LICENSED HERD - OPERATIONS WITH INVENTORY, AVG",OPERATIONS,690
2015,ANNUAL,YEAR,LOUISIANA,LA,22,"CATTLE, COWS, MILK, LICENSED HERD - OPERATIONS WITH INVENTORY, AVG",OPERATIONS,110
2015,ANNUAL,YEAR,MASSACHUSETTS,MA,25,"CATTLE, COWS, MILK, LICENSED HERD - OPERATIONS WITH INVENTORY, AVG",OPERATIONS,150
2015,ANNUAL,YEAR,MARYLAND,MD,24,"CATTLE, COWS, MILK, LICENSED HERD - OPERATIONS WITH INVENTORY, AVG",OPERATIONS,440
2015,ANNUAL,YEAR,MAINE,ME,23,"CATTLE, COWS, MILK, LICENSED HERD - OPERATIONS WITH INVENTORY, AVG",OPERATIONS,260
2015,ANNUAL,YEAR,MICHIGAN,MI,26,"CATTLE, COWS, MILK, LICENSED HERD - OPERATIONS WITH INVENTORY, AVG",OPERATIONS,"1,880"
2015,ANNUAL,YEAR,MINNESOTA,MN,27,"CATTLE, COWS, MILK, LICENSED HERD - OPERATIONS WITH INVENTORY, AVG",OPERATIONS,"3,470"
2015,ANNUAL,YEAR,MISSOURI,MO,29,"CATTLE, COWS, MILK, LICENSED HERD - OPERATIONS WITH INVENTORY, AVG",OPERATIONS,"1,190"
2015,ANNUAL,YEAR,MISSISSIPPI,MS,28,"CATTLE, COWS, MILK, LICENSED HERD - OPERATIONS WITH INVENTORY, AVG",OPERATIONS,75
2015,ANNUAL,YEAR,MONTANA,MT,30,"CATTLE, COWS, MILK, LICENSED HERD - OPERATIONS WITH INVENTORY, AVG",OPERATIONS,70
2015,ANNUAL,YEAR,NORTH CAROLINA,NC,37,"CATTLE, COWS, MILK, LICENSED HERD - OPERATIONS WITH INVENTORY, AVG",OPERATIONS,230
2015,ANNUAL,YEAR,NORTH DAKOTA,ND,38,"CATTLE, COWS, MILK, LICENSED HERD - OPERATIONS WITH INVENTORY, AVG",OPERATIONS,90
2015,ANNUAL,YEAR,NEBRASKA,NE,31,"CATTLE, COWS, MILK, LICENSED HERD - OPERATIONS WITH INVENTORY, AVG",OPERATIONS,185
2015,ANNUAL,YEAR,NEW HAMPSHIRE,NH,33,"CATTLE, COWS, MILK, LICENSED HERD - OPERATIONS WITH INVENTORY, AVG",OPERATIONS,120
2015,ANNUAL,YEAR,NEW JERSEY,NJ,34,"CATTLE, COWS, MILK, LICENSED HERD - OPERATIONS WITH INVENTORY, AVG",OPERATIONS,65
2015,ANNUAL,YEAR,NEW MEXICO,NM,35,"CATTLE, COWS, MILK, LICENSED HERD - OPERATIONS WITH INVENTORY, AVG",OPERATIONS,150
2015,ANNUAL,YEAR,NEVADA,NV,32,"CATTLE, COWS, MILK, LICENSED HERD - OPERATIONS WITH INVENTORY, AVG",OPERATIONS,20
2015,ANNUAL,YEAR,NEW YORK,NY,36,"CATTLE, COWS, MILK, LICENSED HERD - OPERATIONS WITH INVENTORY, AVG",OPERATIONS,"4,820"
2015,ANNUAL,YEAR,OHIO,OH,39,"CATTLE, COWS, MILK, LICENSED HERD - OPERATIONS WITH INVENTORY, AVG",OPERATIONS,"2,730"
2015,ANNUAL,YEAR,OKLAHOMA,OK,40,"CATTLE, COWS, MILK, LICENSED HERD - OPERATIONS WITH INVENTORY, AVG",OPERATIONS,170
2015,ANNUAL,YEAR,OREGON,OR,41,"CATTLE, COWS, MILK, LICENSED HERD - OPERATIONS WITH INVENTORY, AVG",OPERATIONS,240
2015,ANNUAL,YEAR,PENNSYLVANIA,PA,42,"CATTLE, COWS, MILK, LICENSED HERD - OPERATIONS WITH INVENTORY, AVG",OPERATIONS,"6,770"
2015,ANNUAL,YEAR,RHODE ISLAND,RI,44,"CATTLE, COWS, MILK, LICENSED HERD - OPERATIONS WITH INVENTORY, AVG",OPERATIONS,15
2015,ANNUAL,YEAR,SOUTH CAROLINA,SC,45,"CATTLE, COWS, MILK, LICENSED HERD - OPERATIONS WITH INVENTORY, AVG",OPERATIONS,70
2015,ANNUAL,YEAR,SOUTH DAKOTA,SD,46,"CATTLE, COWS, MILK, LICENSED HERD - OPERATIONS WITH INVENTORY, AVG",OPERATIONS,255
2015,ANNUAL,YEAR,TENNESSEE,TN,47,"CATTLE, COWS, MILK, LICENSED HERD - OPERATIONS WITH INVENTORY, AVG",OPERATIONS,350
2015,ANNUAL,YEAR,TEXAS,TX,48,"CATTLE, COWS, MILK, LICENSED HERD - OPERATIONS WITH INVENTORY, AVG",OPERATIONS,430
2015,ANNUAL,YEAR,US TOTAL,US,99,"CATTLE, COWS, MILK, LICENSED HERD - OPERATIONS WITH INVENTORY, AVG",OPERATIONS,"43,534"
2015,ANNUAL,YEAR,UTAH,UT,49,"CATTLE, COWS, MILK, LICENSED HERD - OPERATIONS WITH INVENTORY, AVG",OPERATIONS,190
2015,ANNUAL,YEAR,VIRGINIA,VA,51,"CATTLE, COWS, MILK, LICENSED HERD - OPERATIONS WITH INVENTORY, AVG",OPERATIONS,630
2015,ANNUAL,YEAR,VERMONT,VT,50,"CATTLE, COWS, MILK, LICENSED HERD - OPERATIONS WITH INVENTORY, AVG",OPERATIONS,850
2015,ANNUAL,YEAR,WASHINGTON,WA,53,"CATTLE, COWS, MILK, LICENSED HERD - OPERATIONS WITH INVENTORY, AVG",OPERATIONS,480
2015,ANNUAL,YEAR,WISCONSIN,WI,55,"CATTLE, COWS, MILK, LICENSED HERD - OPERATIONS WITH INVENTORY, AVG",OPERATIONS,"9,900"
2015,ANNUAL,YEAR,WEST VIRGINIA,WV,54,"CATTLE, COWS, MILK, LICENSED HERD - OPERATIONS WITH INVENTORY, AVG",OPERATIONS,75
2015,ANNUAL,YEAR,WYOMING,WY,56,"CATTLE, COWS, MILK, LICENSED HERD - OPERATIONS WITH INVENTORY, AVG",OPERATIONS,10
2016,ANNUAL,YEAR,ALASKA,AK,02,"CATTLE, COWS, MILK, LICENSED HERD - OPERATIONS WITH INVENTORY, AVG",OPERATIONS,2
2016,ANNUAL,YEAR,ALABAMA,AL,01,"CATTLE, COWS, MILK, LICENSED HERD - OPERATIONS WITH INVENTORY, AVG",OPERATIONS,35
2016,ANNUAL,YEAR,ARKANSAS,AR,05,"CATTLE, COWS, MILK, LICENSED HERD - OPERATIONS WITH INVENTORY, AVG",OPERATIONS,60
2016,ANNUAL,YEAR,ARIZONA,AZ,04,"CATTLE, COWS, MILK, LICENSED HERD - OPERATIONS WITH INVENTORY, AVG",OPERATIONS,110
2016,ANNUAL,YEAR,CALIFORNIA,CA,06,"CATTLE, COWS, MILK, LICENSED HERD - OPERATIONS WITH INVENTORY, AVG",OPERATIONS,"1,420"
2016,ANNUAL,YEAR,COLORADO,CO,08,"CATTLE, COWS, MILK, LICENSED HERD - OPERATIONS WITH INVENTORY, AVG",OPERATIONS,120
2016,ANNUAL,YEAR,CONNECTICUT,CT,09,"CATTLE, COWS, MILK, LICENSED HERD - OPERATIONS WITH INVENTORY, AVG",OPERATIONS,120
2016,ANNUAL,YEAR,DELAWARE,DE,10,"CATTLE, COWS, MILK, LICENSED HERD - OPERATIONS WITH INVENTORY, AVG",OPERATIONS,35
2016,ANNUAL,YEAR,FLORIDA,FL,12,"CATTLE, COWS, MILK, LICENSED HERD - OPERATIONS WITH INVENTORY, AVG",OPERATIONS,120
2016,ANNUAL,YEAR,GEORGIA,GA,13,"CATTLE, COWS, MILK, LICENSED HERD - OPERATIONS WITH INVENTORY, AVG",OPERATIONS,210
2016,ANNUAL,YEAR,HAWAII,HI,15,"CATTLE, COWS, MILK, LICENSED HERD - OPERATIONS WITH INVENTORY, AVG",OPERATIONS,2
2016,ANNUAL,YEAR,IOWA,IA,19,"CATTLE, COWS, MILK, LICENSED HERD - OPERATIONS WITH INVENTORY, AVG",OPERATIONS,"1,265"
2016,ANNUAL,YEAR,IDAHO,ID,16,"CATTLE, COWS, MILK, LICENSED HERD - OPERATIONS WITH INVENTORY, AVG",OPERATIONS,520
2016,ANNUAL,YEAR,ILLINOIS,IL,17,"CATTLE, COWS, MILK, LICENSED HERD - OPERATIONS WITH INVENTORY, AVG",OPERATIONS,640
2016,ANNUAL,YEAR,INDIANA,IN,18,"CATTLE, COWS, MILK, LICENSED HERD - OPERATIONS WITH INVENTORY, AVG",OPERATIONS,"1,145"
2016,ANNUAL,YEAR,KANSAS,KS,20,"CATTLE, COWS, MILK, LICENSED HERD - OPERATIONS WITH INVENTORY, AVG",OPERATIONS,290
2016,ANNUAL,YEAR,KENTUCKY,KY,21,"CATTLE, COWS, MILK, LICENSED HERD - OPERATIONS WITH INVENTORY, AVG",OPERATIONS,630
2016,ANNUAL,YEAR,LOUISIANA,LA,22,"CATTLE, COWS, MILK, LICENSED HERD - OPERATIONS WITH INVENTORY, AVG",OPERATIONS,100
2016,ANNUAL,YEAR,MASSACHUSETTS,MA,25,"CATTLE, COWS, MILK, LICENSED HERD - OPERATIONS WITH INVENTORY, AVG",OPERATIONS,140
2016,ANNUAL,YEAR,MARYLAND,MD,24,"CATTLE, COWS, MILK, LICENSED HERD - OPERATIONS WITH INVENTORY, AVG",OPERATIONS,420
2016,ANNUAL,YEAR,MAINE,ME,23,"CATTLE, COWS, MILK, LICENSED HERD - OPERATIONS WITH INVENTORY, AVG",OPERATIONS,250
2016,ANNUAL,YEAR,MICHIGAN,MI,26,"CATTLE, COWS, MILK, LICENSED HERD - OPERATIONS WITH INVENTORY, AVG",OPERATIONS,"1,810"
2016,ANNUAL,YEAR,MINNESOTA,MN,27,"CATTLE, COWS, MILK, LICENSED HERD - OPERATIONS WITH INVENTORY, AVG",OPERATIONS,"3,350"
2016,ANNUAL,YEAR,MISSOURI,MO,29,"CATTLE, COWS, MILK, LICENSED HERD - OPERATIONS WITH INVENTORY, AVG",OPERATIONS,"1,100"
2016,ANNUAL,YEAR,MISSISSIPPI,MS,28,"CATTLE, COWS, MILK, LICENSED HERD - OPERATIONS WITH INVENTORY, AVG",OPERATIONS,75
2016,ANNUAL,YEAR,MONTANA,MT,30,"CATTLE, COWS, MILK, LICENSED HERD - OPERATIONS WITH INVENTORY, AVG",OPERATIONS,65
2016,ANNUAL,YEAR,NORTH CAROLINA,NC,37,"CATTLE, COWS, MILK, LICENSED HERD - OPERATIONS WITH INVENTORY, AVG",OPERATIONS,210
2016,ANNUAL,YEAR,NORTH DAKOTA,ND,38,"CATTLE, COWS, MILK, LICENSED HERD - OPERATIONS WITH INVENTORY, AVG",OPERATIONS,85
2016,ANNUAL,YEAR,NEBRASKA,NE,31,"CATTLE, COWS, MILK, LICENSED HERD - OPERATIONS WITH INVENTORY, AVG",OPERATIONS,175
2016,ANNUAL,YEAR,NEW HAMPSHIRE,NH,33,"CATTLE, COWS, MILK, LICENSED HERD - OPERATIONS WITH INVENTORY, AVG",OPERATIONS,120
2016,ANNUAL,YEAR,NEW JERSEY,NJ,34,"CATTLE, COWS, MILK, LICENSED HERD - OPERATIONS WITH INVENTORY, AVG",OPERATIONS,60
2016,ANNUAL,YEAR,NEW MEXICO,NM,35,"CATTLE, COWS, MILK, LICENSED HERD - OPERATIONS WITH INVENTORY, AVG",OPERATIONS,150
2016,ANNUAL,YEAR,NEVADA,NV,32,"CATTLE, COWS, MILK, LICENSED HERD - OPERATIONS WITH INVENTORY, AVG",OPERATIONS,20
2016,ANNUAL,YEAR,NEW YORK,NY,36,"CATTLE, COWS, MILK, LICENSED HERD - OPERATIONS WITH INVENTORY, AVG",OPERATIONS,"4,650"
2016,ANNUAL,YEAR,OHIO,OH,39,"CATTLE, COWS, MILK, LICENSED HERD - OPERATIONS WITH INVENTORY, AVG",OPERATIONS,"2,560"
2016,ANNUAL,YEAR,OKLAHOMA,OK,40,"CATTLE, COWS, MILK, LICENSED HERD - OPERATIONS WITH INVENTORY, AVG",OPERATIONS,160
2016,ANNUAL,YEAR,OREGON,OR,41,"CATTLE, COWS, MILK, LICENSED HERD - OPERATIONS WITH INVENTORY, AVG",OPERATIONS,230
2016,ANNUAL,YEAR,PENNSYLVANIA,PA,42,"CATTLE, COWS, MILK, LICENSED HERD - OPERATIONS WITH INVENTORY, AVG",OPERATIONS,"6,650"
2016,ANNUAL,YEAR,RHODE ISLAND,RI,44,"CATTLE, COWS, MILK, LICENSED HERD - OPERATIONS WITH INVENTORY, AVG",OPERATIONS,10
2016,ANNUAL,YEAR,SOUTH CAROLINA,SC,45,"CATTLE, COWS, MILK, LICENSED HERD - OPERATIONS WITH INVENTORY, AVG",OPERATIONS,60
2016,ANNUAL,YEAR,SOUTH DAKOTA,SD,46,"CATTLE, COWS, MILK, LICENSED HERD - OPERATIONS WITH INVENTORY, AVG",OPERATIONS,235
2016,ANNUAL,YEAR,TENNESSEE,TN,47,"CATTLE, COWS, MILK, LICENSED HERD - OPERATIONS WITH INVENTORY, AVG",OPERATIONS,300
2016,ANNUAL,YEAR,TEXAS,TX,48,"CATTLE, COWS, MILK, LICENSED HERD - OPERATIONS WITH INVENTORY, AVG",OPERATIONS,400
2016,ANNUAL,YEAR,US TOTAL,US,99,"CATTLE, COWS, MILK, LICENSED HERD - OPERATIONS WITH INVENTORY, AVG",OPERATIONS,"41,819"
2016,ANNUAL,YEAR,UTAH,UT,49,"CATTLE, COWS, MILK, LICENSED HERD - OPERATIONS WITH INVENTORY, AVG",OPERATIONS,180
2016,ANNUAL,YEAR,VIRGINIA,VA,51,"CATTLE, COWS, MILK, LICENSED HERD - OPERATIONS WITH INVENTORY, AVG",OPERATIONS,615
2016,ANNUAL,YEAR,VERMONT,VT,50,"CATTLE, COWS, MILK, LICENSED HERD - OPERATIONS WITH INVENTORY, AVG",OPERATIONS,830
2016,ANNUAL,YEAR,WASHINGTON,WA,53,"CATTLE, COWS, MILK, LICENSED HERD - OPERATIONS WITH INVENTORY, AVG",OPERATIONS,480
2016,ANNUAL,YEAR,WISCONSIN,WI,55,"CATTLE, COWS, MILK, LICENSED HERD - OPERATIONS WITH INVENTORY, AVG",OPERATIONS,"9,520"
2016,ANNUAL,YEAR,WEST VIRGINIA,WV,54,"CATTLE, COWS, MILK, LICENSED HERD - OPERATIONS WITH INVENTORY, AVG",OPERATIONS,75
2016,ANNUAL,YEAR,WYOMING,WY,56,"CATTLE, COWS, MILK, LICENSED HERD - OPERATIONS WITH INVENTORY, AVG",OPERATIONS,10
2017,ANNUAL,YEAR,ALASKA,AK,02,"CATTLE, COWS, MILK, LICENSED HERD - OPERATIONS WITH INVENTORY, AVG",OPERATIONS,2
2017,ANNUAL,YEAR,ALABAMA,AL,01,"CATTLE, COWS, MILK, LICENSED HERD - OPERATIONS WITH INVENTORY, AVG",OPERATIONS,35
2017,ANNUAL,YEAR,ARKANSAS,AR,05,"CATTLE, COWS, MILK, LICENSED HERD - OPERATIONS WITH INVENTORY, AVG",OPERATIONS,55
2017,ANNUAL,YEAR,ARIZONA,AZ,04,"CATTLE, COWS, MILK, LICENSED HERD - OPERATIONS WITH INVENTORY, AVG",OPERATIONS,100
2017,ANNUAL,YEAR,CALIFORNIA,CA,06,"CATTLE, COWS, MILK, LICENSED HERD - OPERATIONS WITH INVENTORY, AVG",OPERATIONS,"1,390"
2017,ANNUAL,YEAR,COLORADO,CO,08,"CATTLE, COWS, MILK, LICENSED HERD - OPERATIONS WITH INVENTORY, AVG",OPERATIONS,120
2017,ANNUAL,YEAR,CONNECTICUT,CT,09,"CATTLE, COWS, MILK, LICENSED HERD - OPERATIONS WITH INVENTORY, AVG",OPERATIONS,110
2017,ANNUAL,YEAR,DELAWARE,DE,10,"CATTLE, COWS, MILK, LICENSED HERD - OPERATIONS WITH INVENTORY, AVG",OPERATIONS,30
2017,ANNUAL,YEAR,FLORIDA,FL,12,"CATTLE, COWS, MILK, LICENSED HERD - OPERATIONS WITH INVENTORY, AVG",OPERATIONS,110
2017,ANNUAL,YEAR,GEORGIA,GA,13,"CATTLE, COWS, MILK, LICENSED HERD - OPERATIONS WITH INVENTORY, AVG",OPERATIONS,180
2017,ANNUAL,YEAR,HAWAII,HI,15,"CATTLE, COWS, MILK, LICENSED HERD - OPERATIONS WITH INVENTORY, AVG",OPERATIONS,2
2017,ANNUAL,YEAR,IOWA,IA,19,"CATTLE, COWS, MILK, LICENSED HERD - OPERATIONS WITH INVENTORY, AVG",OPERATIONS,"1,200"
2017,ANNUAL,YEAR,IDAHO,ID,16,"CATTLE, COWS, MILK, LICENSED HERD - OPERATIONS WITH INVENTORY, AVG",OPERATIONS,510
2017,ANNUAL,YEAR,ILLINOIS,IL,17,"CATTLE, COWS, MILK, LICENSED HERD - OPERATIONS WITH INVENTORY, AVG",OPERATIONS,630
2017,ANNUAL,YEAR,INDIANA,IN,18,"CATTLE, COWS, MILK, LICENSED HERD - OPERATIONS WITH INVENTORY, AVG",OPERATIONS,"1,070"
2017,ANNUAL,YEAR,KANSAS,KS,20,"CATTLE, COWS, MILK, LICENSED HERD - OPERATIONS WITH INVENTORY, AVG",OPERATIONS,290
2017,ANNUAL,YEAR,KENTUCKY,KY,21,"CATTLE, COWS, MILK, LICENSED HERD - OPERATIONS WITH INVENTORY, AVG",OPERATIONS,600
2017,ANNUAL,YEAR,LOUISIANA,LA,22,"CATTLE, COWS, MILK, LICENSED HERD - OPERATIONS WITH INVENTORY, AVG",OPERATIONS,95
2017,ANNUAL,YEAR,MASSACHUSETTS,MA,25,"CATTLE, COWS, MILK, LICENSED HERD - OPERATIONS WITH INVENTORY, AVG",OPERATIONS,140
2017,ANNUAL,YEAR,MARYLAND,MD,24,"CATTLE, COWS, MILK, LICENSED HERD - OPERATIONS WITH INVENTORY, AVG",OPERATIONS,400
2017,ANNUAL,YEAR,MAINE,ME,23,"CATTLE, COWS, MILK, LICENSED HERD - OPERATIONS WITH INVENTORY, AVG",OPERATIONS,250
2017,ANNUAL,YEAR,MICHIGAN,MI,26,"CATTLE, COWS, MILK, LICENSED HERD - OPERATIONS WITH INVENTORY, AVG",OPERATIONS,"1,750"
2017,ANNUAL,YEAR,MINNESOTA,MN,27,"CATTLE, COWS, MILK, LICENSED HERD - OPERATIONS WITH INVENTORY, AVG",OPERATIONS,"3,210"
2017,ANNUAL,YEAR,MISSOURI,MO,29,"CATTLE, COWS, MILK, LICENSED HERD - OPERATIONS WITH INVENTORY, AVG",OPERATIONS,"1,040"
2017,ANNUAL,YEAR,MISSISSIPPI,MS,28,"CATTLE, COWS, MILK, LICENSED HERD - OPERATIONS WITH INVENTORY, AVG",OPERATIONS,70
2017,ANNUAL,YEAR,MONTANA,MT,30,"CATTLE, COWS, MILK, LICENSED HERD - OPERATIONS WITH INVENTORY, AVG",OPERATIONS,65
2017,ANNUAL,YEAR,NORTH CAROLINA,NC,37,"CATTLE, COWS, MILK, LICENSED HERD - OPERATIONS WITH INVENTORY, AVG",OPERATIONS,190
2017,ANNUAL,YEAR,NORTH DAKOTA,ND,38,"CATTLE, COWS, MILK, LICENSED HERD - OPERATIONS WITH INVENTORY, AVG",OPERATIONS,80
2017,ANNUAL,YEAR,NEBRASKA,NE,31,"CATTLE, COWS, MILK, LICENSED HERD - OPERATIONS WITH INVENTORY, AVG",OPERATIONS,155
2017,ANNUAL,YEAR,NEW HAMPSHIRE,NH,33,"CATTLE, COWS, MILK, LICENSED HERD - OPERATIONS WITH INVENTORY, AVG",OPERATIONS,110
2017,ANNUAL,YEAR,NEW JERSEY,NJ,34,"CATTLE, COWS, MILK, LICENSED HERD - OPERATIONS WITH INVENTORY, AVG",OPERATIONS,55
2017,ANNUAL,YEAR,NEW MEXICO,NM,35,"CATTLE, COWS, MILK, LICENSED HERD - OPERATIONS WITH INVENTORY, AVG",OPERATIONS,150
2017,ANNUAL,YEAR,NEVADA,NV,32,"CATTLE, COWS, MILK, LICENSED HERD - OPERATIONS WITH INVENTORY, AVG",OPERATIONS,20
2017,ANNUAL,YEAR,NEW YORK,NY,36,"CATTLE, COWS, MILK, LICENSED HERD - OPERATIONS WITH INVENTORY, AVG",OPERATIONS,"4,470"
2017,ANNUAL,YEAR,OHIO,OH,39,"CATTLE, COWS, MILK, LICENSED HERD - OPERATIONS WITH INVENTORY, AVG",OPERATIONS,"2,380"
2017,ANNUAL,YEAR,OKLAHOMA,OK,40,"CATTLE, COWS, MILK, LICENSED HERD - OPERATIONS WITH INVENTORY, AVG",OPERATIONS,160
2017,ANNUAL,YEAR,OREGON,OR,41,"CATTLE, COWS, MILK, LICENSED HERD - OPERATIONS WITH INVENTORY, AVG",OPERATIONS,230
2017,ANNUAL,YEAR,PENNSYLVANIA,PA,42,"CATTLE, COWS, MILK, LICENSED HERD - OPERATIONS WITH INVENTORY, AVG",OPERATIONS,"6,570"
2017,ANNUAL,YEAR,RHODE ISLAND,RI,44,"CATTLE, COWS, MILK, LICENSED HERD - OPERATIONS WITH INVENTORY, AVG",OPERATIONS,10
2017,ANNUAL,YEAR,SOUTH CAROLINA,SC,45,"CATTLE, COWS, MILK, LICENSED HERD - OPERATIONS WITH INVENTORY, AVG",OPERATIONS,60
2017,ANNUAL,YEAR,SOUTH DAKOTA,SD,46,"CATTLE, COWS, MILK, LICENSED HERD - OPERATIONS WITH INVENTORY, AVG",OPERATIONS,225
2017,ANNUAL,YEAR,TENNESSEE,TN,47,"CATTLE, COWS, MILK, LICENSED HERD - OPERATIONS WITH INVENTORY, AVG",OPERATIONS,270
2017,ANNUAL,YEAR,TEXAS,TX,48,"CATTLE, COWS, MILK, LICENSED HERD - OPERATIONS WITH INVENTORY, AVG",OPERATIONS,400
2017,ANNUAL,YEAR,US TOTAL,US,99,"CATTLE, COWS, MILK, LICENSED HERD - OPERATIONS WITH INVENTORY, AVG",OPERATIONS,"40,199"
2017,ANNUAL,YEAR,UTAH,UT,49,"CATTLE, COWS, MILK, LICENSED HERD - OPERATIONS WITH INVENTORY, AVG",OPERATIONS,180
2017,ANNUAL,YEAR,VIRGINIA,VA,51,"CATTLE, COWS, MILK, LICENSED HERD - OPERATIONS WITH INVENTORY, AVG",OPERATIONS,585
2017,ANNUAL,YEAR,VERMONT,VT,50,"CATTLE, COWS, MILK, LICENSED HERD - OPERATIONS WITH INVENTORY, AVG",OPERATIONS,820
2017,ANNUAL,YEAR,WASHINGTON,WA,53,"CATTLE, COWS, MILK, LICENSED HERD - OPERATIONS WITH INVENTORY, AVG",OPERATIONS,450
2017,ANNUAL,YEAR,WISCONSIN,WI,55,"CATTLE, COWS, MILK, LICENSED HERD - OPERATIONS WITH INVENTORY, AVG",OPERATIONS,"9,090"
2017,ANNUAL,YEAR,WEST VIRGINIA,WV,54,"CATTLE, COWS, MILK, LICENSED HERD - OPERATIONS WITH INVENTORY, AVG",OPERATIONS,75
2017,ANNUAL,YEAR,WYOMING,WY,56,"CATTLE, COWS, MILK, LICENSED HERD - OPERATIONS WITH INVENTORY, AVG",OPERATIONS,10
2018,ANNUAL,YEAR,ALASKA,AK,02,"CATTLE, COWS, MILK, LICENSED HERD - OPERATIONS WITH INVENTORY, AVG",OPERATIONS,1
2018,ANNUAL,YEAR,ALABAMA,AL,01,"CATTLE, COWS, MILK, LICENSED HERD - OPERATIONS WITH INVENTORY, AVG",OPERATIONS,30
2018,ANNUAL,YEAR,ARKANSAS,AR,05,"CATTLE, COWS, MILK, LICENSED HERD - OPERATIONS WITH INVENTORY, AVG",OPERATIONS,50
2018,ANNUAL,YEAR,ARIZONA,AZ,04,"CATTLE, COWS, MILK, LICENSED HERD - OPERATIONS WITH INVENTORY, AVG",OPERATIONS,100
2018,ANNUAL,YEAR,CALIFORNIA,CA,06,"CATTLE, COWS, MILK, LICENSED HERD - OPERATIONS WITH INVENTORY, AVG",OPERATIONS,"1,335"
2018,ANNUAL,YEAR,COLORADO,CO,08,"CATTLE, COWS, MILK, LICENSED HERD - OPERATIONS WITH INVENTORY, AVG",OPERATIONS,120
2018,ANNUAL,YEAR,CONNECTICUT,CT,09,"CATTLE, COWS, MILK, LICENSED HERD - OPERATIONS WITH INVENTORY, AVG",OPERATIONS,110
2018,ANNUAL,YEAR,DELAWARE,DE,10,"CATTLE, COWS, MILK, LICENSED HERD - OPERATIONS WITH INVENTORY, AVG",OPERATIONS,25
2018,ANNUAL,YEAR,FLORIDA,FL,12,"CATTLE, COWS, MILK, LICENSED HERD - OPERATIONS WITH INVENTORY, AVG",OPERATIONS,95
2018,ANNUAL,YEAR,GEORGIA,GA,13,"CATTLE, COWS, MILK, LICENSED HERD - OPERATIONS WITH INVENTORY, AVG",OPERATIONS,160
2018,ANNUAL,YEAR,HAWAII,HI,15,"CATTLE, COWS, MILK, LICENSED HERD - OPERATIONS WITH INVENTORY, AVG",OPERATIONS,2
2018,ANNUAL,YEAR,IOWA,IA,19,"CATTLE, COWS, MILK, LICENSED HERD - OPERATIONS WITH INVENTORY, AVG",OPERATIONS,"1,120"
2018,ANNUAL,YEAR,IDAHO,ID,16,"CATTLE, COWS, MILK, LICENSED HERD - OPERATIONS WITH INVENTORY, AVG",OPERATIONS,480
2018,ANNUAL,YEAR,ILLINOIS,IL,17,"CATTLE, COWS, MILK, LICENSED HERD - OPERATIONS WITH INVENTORY, AVG",OPERATIONS,600
2018,ANNUAL,YEAR,INDIANA,IN,18,"CATTLE, COWS, MILK, LICENSED HERD - OPERATIONS WITH INVENTORY, AVG",OPERATIONS,965
2018,ANNUAL,YEAR,KANSAS,KS,20,"CATTLE, COWS, MILK, LICENSED HERD - OPERATIONS WITH INVENTORY, AVG",OPERATIONS,280
2018,ANNUAL,YEAR,KENTUCKY,KY,21,"CATTLE, COWS, MILK, LICENSED HERD - OPERATIONS WITH INVENTORY, AVG",OPERATIONS,540
2018,ANNUAL,YEAR,LOUISIANA,LA,22,"CATTLE, COWS, MILK, LICENSED HERD - OPERATIONS WITH INVENTORY, AVG",OPERATIONS,90
2018,ANNUAL,YEAR,MASSACHUSETTS,MA,25,"CATTLE, COWS, MILK, LICENSED HERD - OPERATIONS WITH INVENTORY, AVG",OPERATIONS,130
2018,ANNUAL,YEAR,MARYLAND,MD,24,"CATTLE, COWS, MILK, LICENSED HERD - OPERATIONS WITH INVENTORY, AVG",OPERATIONS,380
2018,ANNUAL,YEAR,MAINE,ME,23,"CATTLE, COWS, MILK, LICENSED HERD - OPERATIONS WITH INVENTORY, AVG",OPERATIONS,230
2018,ANNUAL,YEAR,MICHIGAN,MI,26,"CATTLE, COWS, MILK, LICENSED HERD - OPERATIONS WITH INVENTORY, AVG",OPERATIONS,"1,520"
2018,ANNUAL,YEAR,MINNESOTA,MN,27,"CATTLE, COWS, MILK, LICENSED HERD - OPERATIONS WITH INVENTORY, AVG",OPERATIONS,"2,980"
2018,ANNUAL,YEAR,MISSOURI,MO,29,"CATTLE, COWS, MILK, LICENSED HERD - OPERATIONS WITH INVENTORY, AVG",OPERATIONS,920
2018,ANNUAL,YEAR,MISSISSIPPI,MS,28,"CATTLE, COWS, MILK, LICENSED HERD - OPERATIONS WITH INVENTORY, AVG",OPERATIONS,65
2018,ANNUAL,YEAR,MONTANA,MT,30,"CATTLE, COWS, MILK, LICENSED HERD - OPERATIONS WITH INVENTORY, AVG",OPERATIONS,60
2018,ANNUAL,YEAR,NORTH CAROLINA,NC,37,"CATTLE, COWS, MILK, LICENSED HERD - OPERATIONS WITH INVENTORY, AVG",OPERATIONS,180
2018,ANNUAL,YEAR,NORTH DAKOTA,ND,38,"CATTLE, COWS, MILK, LICENSED HERD - OPERATIONS WITH INVENTORY, AVG",OPERATIONS,80
2018,ANNUAL,YEAR,NEBRASKA,NE,31,"CATTLE, COWS, MILK, LICENSED HERD - OPERATIONS WITH INVENTORY, AVG",OPERATIONS,155
2018,ANNUAL,YEAR,NEW HAMPSHIRE,NH,33,"CATTLE, COWS, MILK, LICENSED HERD - OPERATIONS WITH INVENTORY, AVG",OPERATIONS,100
2018,ANNUAL,YEAR,NEW JERSEY,NJ,34,"CATTLE, COWS, MILK, LICENSED HERD - OPERATIONS WITH INVENTORY, AVG",OPERATIONS,50
2018,ANNUAL,YEAR,NEW MEXICO,NM,35,"CATTLE, COWS, MILK, LICENSED HERD - OPERATIONS WITH INVENTORY, AVG",OPERATIONS,150
2018,ANNUAL,YEAR,NEVADA,NV,32,"CATTLE, COWS, MILK, LICENSED HERD - OPERATIONS WITH INVENTORY, AVG",OPERATIONS,20
2018,ANNUAL,YEAR,NEW YORK,NY,36,"CATTLE, COWS, MILK, LICENSED HERD - OPERATIONS WITH INVENTORY, AVG",OPERATIONS,"4,190"
2018,ANNUAL,YEAR,OHIO,OH,39,"CATTLE, COWS, MILK, LICENSED HERD - OPERATIONS WITH INVENTORY, AVG",OPERATIONS,"2,200"
2018,ANNUAL,YEAR,OKLAHOMA,OK,40,"CATTLE, COWS, MILK, LICENSED HERD - OPERATIONS WITH INVENTORY, AVG",OPERATIONS,150
2018,ANNUAL,YEAR,OREGON,OR,41,"CATTLE, COWS, MILK, LICENSED HERD - OPERATIONS WITH INVENTORY, AVG",OPERATIONS,220
2018,ANNUAL,YEAR,PENNSYLVANIA,PA,42,"CATTLE, COWS, MILK, LICENSED HERD - OPERATIONS WITH INVENTORY, AVG",OPERATIONS,"6,200"
2018,ANNUAL,YEAR,RHODE ISLAND,RI,44,"CATTLE, COWS, MILK, LICENSED HERD - OPERATIONS WITH INVENTORY, AVG",OPERATIONS,10
2018,ANNUAL,YEAR,SOUTH CAROLINA,SC,45,"CATTLE, COWS, MILK, LICENSED HERD - OPERATIONS WITH INVENTORY, AVG",OPERATIONS,50
2018,ANNUAL,YEAR,SOUTH DAKOTA,SD,46,"CATTLE, COWS, MILK, LICENSED HERD - OPERATIONS WITH INVENTORY, AVG",OPERATIONS,215
2018,ANNUAL,YEAR,TENNESSEE,TN,47,"CATTLE, COWS, MILK, LICENSED HERD - OPERATIONS WITH INVENTORY, AVG",OPERATIONS,250
2018,ANNUAL,YEAR,TEXAS,TX,48,"CATTLE, COWS, MILK, LICENSED HERD - OPERATIONS WITH INVENTORY, AVG",OPERATIONS,400
2018,ANNUAL,YEAR,US TOTAL,US,99,"CATTLE, COWS, MILK, LICENSED HERD - OPERATIONS WITH INVENTORY, AVG",OPERATIONS,"37,468"
2018,ANNUAL,YEAR,UTAH,UT,49,"CATTLE, COWS, MILK, LICENSED HERD - OPERATIONS WITH INVENTORY, AVG",OPERATIONS,180
2018,ANNUAL,YEAR,VIRGINIA,VA,51,"CATTLE, COWS, MILK, LICENSED HERD - OPERATIONS WITH INVENTORY, AVG",OPERATIONS,565
2018,ANNUAL,YEAR,VERMONT,VT,50,"CATTLE, COWS, MILK, LICENSED HERD - OPERATIONS WITH INVENTORY, AVG",OPERATIONS,730
2018,ANNUAL,YEAR,WASHINGTON,WA,53,"CATTLE, COWS, MILK, LICENSED HERD - OPERATIONS WITH INVENTORY, AVG",OPERATIONS,410
2018,ANNUAL,YEAR,WISCONSIN,WI,55,"CATTLE, COWS, MILK, LICENSED HERD - OPERATIONS WITH INVENTORY, AVG",OPERATIONS,"8,500"
2018,ANNUAL,YEAR,WEST VIRGINIA,WV,54,"CATTLE, COWS, MILK, LICENSED HERD - OPERATIONS WITH INVENTORY, AVG",OPERATIONS,65
2018,ANNUAL,YEAR,WYOMING,WY,56,"CATTLE, COWS, MILK, LICENSED HERD - OPERATIONS WITH INVENTORY, AVG",OPERATIONS,10
2019,ANNUAL,YEAR,ALASKA,AK,02,"CATTLE, COWS, MILK, LICENSED HERD - OPERATIONS WITH INVENTORY, AVG",OPERATIONS,1
2019,ANNUAL,YEAR,ALABAMA,AL,01,"CATTLE, COWS, MILK, LICENSED HERD - OPERATIONS WITH INVENTORY, AVG",OPERATIONS,25
2019,ANNUAL,YEAR,ARKANSAS,AR,05,"CATTLE, COWS, MILK, LICENSED HERD - OPERATIONS WITH INVENTORY, AVG",OPERATIONS,40
2019,ANNUAL,YEAR,ARIZONA,AZ,04,"CATTLE, COWS, MILK, LICENSED HERD - OPERATIONS WITH INVENTORY, AVG",OPERATIONS,90
2019,ANNUAL,YEAR,CALIFORNIA,CA,06,"CATTLE, COWS, MILK, LICENSED HERD - OPERATIONS WITH INVENTORY, AVG",OPERATIONS,"1,255"
2019,ANNUAL,YEAR,COLORADO,CO,08,"CATTLE, COWS, MILK, LICENSED HERD - OPERATIONS WITH INVENTORY, AVG",OPERATIONS,120
2019,ANNUAL,YEAR,CONNECTICUT,CT,09,"CATTLE, COWS, MILK, LICENSED HERD - OPERATIONS WITH INVENTORY, AVG",OPERATIONS,100
2019,ANNUAL,YEAR,DELAWARE,DE,10,"CATTLE, COWS, MILK, LICENSED HERD - OPERATIONS WITH INVENTORY, AVG",OPERATIONS,20
2019,ANNUAL,YEAR,FLORIDA,FL,12,"CATTLE, COWS, MILK, LICENSED HERD - OPERATIONS WITH INVENTORY, AVG",OPERATIONS,90
2019,ANNUAL,YEAR,GEORGIA,GA,13,"CATTLE, COWS, MILK, LICENSED HERD - OPERATIONS WITH INVENTORY, AVG",OPERATIONS,140
2019,ANNUAL,YEAR,HAWAII,HI,15,"CATTLE, COWS, MILK, LICENSED HERD - OPERATIONS WITH INVENTORY, AVG",OPERATIONS,1
2019,ANNUAL,YEAR,IOWA,IA,19,"CATTLE, COWS, MILK, LICENSED HERD - OPERATIONS WITH INVENTORY, AVG",OPERATIONS,"1,015"
2019,ANNUAL,YEAR,IDAHO,ID,16,"CATTLE, COWS, MILK, LICENSED HERD - OPERATIONS WITH INVENTORY, AVG",OPERATIONS,460
2019,ANNUAL,YEAR,ILLINOIS,IL,17,"CATTLE, COWS, MILK, LICENSED HERD - OPERATIONS WITH INVENTORY, AVG",OPERATIONS,575
2019,ANNUAL,YEAR,INDIANA,IN,18,"CATTLE, COWS, MILK, LICENSED HERD - OPERATIONS WITH INVENTORY, AVG",OPERATIONS,865
2019,ANNUAL,YEAR,KANSAS,KS,20,"CATTLE, COWS, MILK, LICENSED HERD - OPERATIONS WITH INVENTORY, AVG",OPERATIONS,270
2019,ANNUAL,YEAR,KENTUCKY,KY,21,"CATTLE, COWS, MILK, LICENSED HERD - OPERATIONS WITH INVENTORY, AVG",OPERATIONS,480
2019,ANNUAL,YEAR,LOUISIANA,LA,22,"CATTLE, COWS, MILK, LICENSED HERD - OPERATIONS WITH INVENTORY, AVG",OPERATIONS,85
2019,ANNUAL,YEAR,MASSACHUSETTS,MA,25,"CATTLE, COWS, MILK, LICENSED HERD - OPERATIONS WITH INVENTORY, AVG",OPERATIONS,120
2019,ANNUAL,YEAR,MARYLAND,MD,24,"CATTLE, COWS, MILK, LICENSED HERD - OPERATIONS WITH INVENTORY, AVG",OPERATIONS,350
2019,ANNUAL,YEAR,MAINE,ME,23,"CATTLE, COWS, MILK, LICENSED HERD - OPERATIONS WITH INVENTORY, AVG",OPERATIONS,220
2019,ANNUAL,YEAR,MICHIGAN,MI,26,"CATTLE, COWS, MILK, LICENSED HERD - OPERATIONS WITH INVENTORY, AVG",OPERATIONS,"1,330"
2019,ANNUAL,YEAR,MINNESOTA,MN,27,"CATTLE, COWS, MILK, LICENSED HERD - OPERATIONS WITH INVENTORY, AVG",OPERATIONS,"2,730"
2019,ANNUAL,YEAR,MISSOURI,MO,29,"CATTLE, COWS, MILK, LICENSED HERD - OPERATIONS WITH INVENTORY, AVG",OPERATIONS,800
2019,ANNUAL,YEAR,MISSISSIPPI,MS,28,"CATTLE, COWS, MILK, LICENSED HERD - OPERATIONS WITH INVENTORY, AVG",OPERATIONS,60
2019,ANNUAL,YEAR,MONTANA,MT,30,"CATTLE, COWS, MILK, LICENSED HERD - OPERATIONS WITH INVENTORY, AVG",OPERATIONS,55
2019,ANNUAL,YEAR,NORTH CAROLINA,NC,37,"CATTLE, COWS, MILK, LICENSED HERD - OPERATIONS WITH INVENTORY, AVG",OPERATIONS,155
2019,ANNUAL,YEAR,NORTH DAKOTA,ND,38,"CATTLE, COWS, MILK, LICENSED HERD - OPERATIONS WITH INVENTORY, AVG",OPERATIONS,65
2019,ANNUAL,YEAR,NEBRASKA,NE,31,"CATTLE, COWS, MILK, LICENSED HERD - OPERATIONS WITH INVENTORY, AVG",OPERATIONS,140
2019,ANNUAL,YEAR,NEW HAMPSHIRE,NH,33,"CATTLE, COWS, MILK, LICENSED HERD - OPERATIONS WITH INVENTORY, AVG",OPERATIONS,100
2019,ANNUAL,YEAR,NEW JERSEY,NJ,34,"CATTLE, COWS, MILK, LICENSED HERD - OPERATIONS WITH INVENTORY, AVG",OPERATIONS,45
2019,ANNUAL,YEAR,NEW MEXICO,NM,35,"CATTLE, COWS, MILK, LICENSED HERD - OPERATIONS WITH INVENTORY, AVG",OPERATIONS,140
2019,ANNUAL,YEAR,NEVADA,NV,32,"CATTLE, COWS, MILK, LICENSED HERD - OPERATIONS WITH INVENTORY, AVG",OPERATIONS,20
2019,ANNUAL,YEAR,NEW YORK,NY,36,"CATTLE, COWS, MILK, LICENSED HERD - OPERATIONS WITH INVENTORY, AVG",OPERATIONS,"3,890"
2019,ANNUAL,YEAR,OHIO,OH,39,"CATTLE, COWS, MILK, LICENSED HERD - OPERATIONS WITH INVENTORY, AVG",OPERATIONS,"1,940"
2019,ANNUAL,YEAR,OKLAHOMA,OK,40,"CATTLE, COWS, MILK, LICENSED HERD - OPERATIONS WITH INVENTORY, AVG",OPERATIONS,140
2019,ANNUAL,YEAR,OREGON,OR,41,"CATTLE, COWS, MILK, LICENSED HERD - OPERATIONS WITH INVENTORY, AVG",OPERATIONS,220
2019,ANNUAL,YEAR,PENNSYLVANIA,PA,42,"CATTLE, COWS, MILK, LICENSED HERD - OPERATIONS WITH INVENTORY, AVG",OPERATIONS,"5,730"
2019,ANNUAL,YEAR,RHODE ISLAND,RI,44,"CATTLE, COWS, MILK, LICENSED HERD - OPERATIONS WITH INVENTORY, AVG",OPERATIONS,10
2019,ANNUAL,YEAR,SOUTH CAROLINA,SC,45,"CATTLE, COWS, MILK, LICENSED HERD - OPERATIONS WITH INVENTORY, AVG",OPERATIONS,45
2019,ANNUAL,YEAR,SOUTH DAKOTA,SD,46,"CATTLE, COWS, MILK, LICENSED HERD - OPERATIONS WITH INVENTORY, AVG",OPERATIONS,195
2019,ANNUAL,YEAR,TENNESSEE,TN,47,"CATTLE, COWS, MILK, LICENSED HERD - OPERATIONS WITH INVENTORY, AVG",OPERATIONS,200
2019,ANNUAL,YEAR,TEXAS,TX,48,"CATTLE, COWS, MILK, LICENSED HERD - OPERATIONS WITH INVENTORY, AVG",OPERATIONS,380
2019,ANNUAL,YEAR,US TOTAL,US,99,"CATTLE, COWS, MILK, LICENSED HERD - OPERATIONS WITH INVENTORY, AVG",OPERATIONS,"34,207"
2019,ANNUAL,YEAR,UTAH,UT,49,"CATTLE, COWS, MILK, LICENSED HERD - OPERATIONS WITH INVENTORY, AVG",OPERATIONS,160
2019,ANNUAL,YEAR,VIRGINIA,VA,51,"CATTLE, COWS, MILK, LICENSED HERD - OPERATIONS WITH INVENTORY, AVG",OPERATIONS,505
2019,ANNUAL,YEAR,VERMONT,VT,50,"CATTLE, COWS, MILK, LICENSED HERD - OPERATIONS WITH INVENTORY, AVG",OPERATIONS,680
2019,ANNUAL,YEAR,WASHINGTON,WA,53,"CATTLE, COWS, MILK, LICENSED HERD - OPERATIONS WITH INVENTORY, AVG",OPERATIONS,370
2019,ANNUAL,YEAR,WISCONSIN,WI,55,"CATTLE, COWS, MILK, LICENSED HERD - OPERATIONS WITH INVENTORY, AVG",OPERATIONS,"7,720"
2019,ANNUAL,YEAR,WEST VIRGINIA,WV,54,"CATTLE, COWS, MILK, LICENSED HERD - OPERATIONS WITH INVENTORY, AVG",OPERATIONS,50
2019,ANNUAL,YEAR,WYOMING,WY,56,"CATTLE, COWS, MILK, LICENSED HERD - OPERATIONS WITH INVENTORY, AVG",OPERATIONS,10
2020,ANNUAL,YEAR,ALASKA,AK,02,"CATTLE, COWS, MILK, LICENSED HERD - OPERATIONS WITH INVENTORY, AVG",OPERATIONS,1
2020,ANNUAL,YEAR,ALABAMA,AL,01,"CATTLE, COWS, MILK, LICENSED HERD - OPERATIONS WITH INVENTORY, AVG",OPERATIONS,20
2020,ANNUAL,YEAR,ARKANSAS,AR,05,"CATTLE, COWS, MILK, LICENSED HERD - OPERATIONS WITH INVENTORY, AVG",OPERATIONS,35
2020,ANNUAL,YEAR,ARIZONA,AZ,04,"CATTLE, COWS, MILK, LICENSED HERD - OPERATIONS WITH INVENTORY, AVG",OPERATIONS,90
2020,ANNUAL,YEAR,CALIFORNIA,CA,06,"CATTLE, COWS, MILK, LICENSED HERD - OPERATIONS WITH INVENTORY, AVG",OPERATIONS,"1,215"
2020,ANNUAL,YEAR,COLORADO,CO,08,"CATTLE, COWS, MILK, LICENSED HERD - OPERATIONS WITH INVENTORY, AVG",OPERATIONS,120
2020,ANNUAL,YEAR,CONNECTICUT,CT,09,"CATTLE, COWS, MILK, LICENSED HERD - OPERATIONS WITH INVENTORY, AVG",OPERATIONS,95
2020,ANNUAL,YEAR,DELAWARE,DE,10,"CATTLE, COWS, MILK, LICENSED HERD - OPERATIONS WITH INVENTORY, AVG",OPERATIONS,20
2020,ANNUAL,YEAR,FLORIDA,FL,12,"CATTLE, COWS, MILK, LICENSED HERD - OPERATIONS WITH INVENTORY, AVG",OPERATIONS,85
2020,ANNUAL,YEAR,GEORGIA,GA,13,"CATTLE, COWS, MILK, LICENSED HERD - OPERATIONS WITH INVENTORY, AVG",OPERATIONS,130
2020,ANNUAL,YEAR,HAWAII,HI,15,"CATTLE, COWS, MILK, LICENSED HERD - OPERATIONS WITH INVENTORY, AVG",OPERATIONS,1
2020,ANNUAL,YEAR,IOWA,IA,19,"CATTLE, COWS, MILK, LICENSED HERD - OPERATIONS WITH INVENTORY, AVG",OPERATIONS,965
2020,ANNUAL,YEAR,IDAHO,ID,16,"CATTLE, COWS, MILK, LICENSED HERD - OPERATIONS WITH INVENTORY, AVG",OPERATIONS,440
2020,ANNUAL,YEAR,ILLINOIS,IL,17,"CATTLE, COWS, MILK, LICENSED HERD - OPERATIONS WITH INVENTORY, AVG",OPERATIONS,525
2020,ANNUAL,YEAR,INDIANA,IN,18,"CATTLE, COWS, MILK, LICENSED HERD - OPERATIONS WITH INVENTORY, AVG",OPERATIONS,805
2020,ANNUAL,YEAR,KANSAS,KS,20,"CATTLE, COWS, MILK, LICENSED HERD - OPERATIONS WITH INVENTORY, AVG",OPERATIONS,240
2020,ANNUAL,YEAR,KENTUCKY,KY,21,"CATTLE, COWS, MILK, LICENSED HERD - OPERATIONS WITH INVENTORY, AVG",OPERATIONS,450
2020,ANNUAL,YEAR,LOUISIANA,LA,22,"CATTLE, COWS, MILK, LICENSED HERD - OPERATIONS WITH INVENTORY, AVG",OPERATIONS,75
2020,ANNUAL,YEAR,MASSACHUSETTS,MA,25,"CATTLE, COWS, MILK, LICENSED HERD - OPERATIONS WITH INVENTORY, AVG",OPERATIONS,110
2020,ANNUAL,YEAR,MARYLAND,MD,24,"CATTLE, COWS, MILK, LICENSED HERD - OPERATIONS WITH INVENTORY, AVG",OPERATIONS,340
2020,ANNUAL,YEAR,MAINE,ME,23,"CATTLE, COWS, MILK, LICENSED HERD - OPERATIONS WITH INVENTORY, AVG",OPERATIONS,200
2020,ANNUAL,YEAR,MICHIGAN,MI,26,"CATTLE, COWS, MILK, LICENSED HERD - OPERATIONS WITH INVENTORY, AVG",OPERATIONS,"1,200"
2020,ANNUAL,YEAR,MINNESOTA,MN,27,"CATTLE, COWS, MILK, LICENSED HERD - OPERATIONS WITH INVENTORY, AVG",OPERATIONS,"2,350"
2020,ANNUAL,YEAR,MISSOURI,MO,29,"CATTLE, COWS, MILK, LICENSED HERD - OPERATIONS WITH INVENTORY, AVG",OPERATIONS,720
2020,ANNUAL,YEAR,MISSISSIPPI,MS,28,"CATTLE, COWS, MILK, LICENSED HERD - OPERATIONS WITH INVENTORY, AVG",OPERATIONS,55
2020,ANNUAL,YEAR,MONTANA,MT,30,"CATTLE, COWS, MILK, LICENSED HERD - OPERATIONS WITH INVENTORY, AVG",OPERATIONS,50
2020,ANNUAL,YEAR,NORTH CAROLINA,NC,37,"CATTLE, COWS, MILK, LICENSED HERD - OPERATIONS WITH INVENTORY, AVG",OPERATIONS,145
2020,ANNUAL,YEAR,NORTH DAKOTA,ND,38,"CATTLE, COWS, MILK, LICENSED HERD - OPERATIONS WITH INVENTORY, AVG",OPERATIONS,60
2020,ANNUAL,YEAR,NEBRASKA,NE,31,"CATTLE, COWS, MILK, LICENSED HERD - OPERATIONS WITH INVENTORY, AVG",OPERATIONS,120
2020,ANNUAL,YEAR,NEW HAMPSHIRE,NH,33,"CATTLE, COWS, MILK, LICENSED HERD - OPERATIONS WITH INVENTORY, AVG",OPERATIONS,100
2020,ANNUAL,YEAR,NEW JERSEY,NJ,34,"CATTLE, COWS, MILK, LICENSED HERD - OPERATIONS WITH INVENTORY, AVG",OPERATIONS,40
2020,ANNUAL,YEAR,NEW MEXICO,NM,35,"CATTLE, COWS, MILK, LICENSED HERD - OPERATIONS WITH INVENTORY, AVG",OPERATIONS,140
2020,ANNUAL,YEAR,NEVADA,NV,32,"CATTLE, COWS, MILK, LICENSED HERD - OPERATIONS WITH INVENTORY, AVG",OPERATIONS,20
2020,ANNUAL,YEAR,NEW YORK,NY,36,"CATTLE, COWS, MILK, LICENSED HERD - OPERATIONS WITH INVENTORY, AVG",OPERATIONS,"3,650"
2020,ANNUAL,YEAR,OHIO,OH,39,"CATTLE, COWS, MILK, LICENSED HERD - OPERATIONS WITH INVENTORY, AVG",OPERATIONS,"1,745"
2020,ANNUAL,YEAR,OKLAHOMA,OK,40,"CATTLE, COWS, MILK, LICENSED HERD - OPERATIONS WITH INVENTORY, AVG",OPERATIONS,130
2020,ANNUAL,YEAR,OREGON,OR,41,"CATTLE, COWS, MILK, LICENSED HERD - OPERATIONS WITH INVENTORY, AVG",OPERATIONS,200
2020,ANNUAL,YEAR,PENNSYLVANIA,PA,42,"CATTLE, COWS, MILK, LICENSED HERD - OPERATIONS WITH INVENTORY, AVG",OPERATIONS,"5,430"
2020,ANNUAL,YEAR,RHODE ISLAND,RI,44,"CATTLE, COWS, MILK, LICENSED HERD - OPERATIONS WITH INVENTORY, AVG",OPERATIONS,10
2020,ANNUAL,YEAR,SOUTH CAROLINA,SC,45,"CATTLE, COWS, MILK, LICENSED HERD - OPERATIONS WITH INVENTORY, AVG",OPERATIONS,35
2020,ANNUAL,YEAR,SOUTH DAKOTA,SD,46,"CATTLE, COWS, MILK, LICENSED HERD - OPERATIONS WITH INVENTORY, AVG",OPERATIONS,180
2020,ANNUAL,YEAR,TENNESSEE,TN,47,"CATTLE, COWS, MILK, LICENSED HERD - OPERATIONS WITH INVENTORY, AVG",OPERATIONS,180
2020,ANNUAL,YEAR,TEXAS,TX,48,"CATTLE, COWS, MILK, LICENSED HERD - OPERATIONS WITH INVENTORY, AVG",OPERATIONS,360
2020,ANNUAL,YEAR,US TOTAL,US,99,"CATTLE, COWS, MILK, LICENSED HERD - OPERATIONS WITH INVENTORY, AVG",OPERATIONS,"31,652"
2020,ANNUAL,YEAR,UTAH,UT,49,"CATTLE, COWS, MILK, LICENSED HERD - OPERATIONS WITH INVENTORY, AVG",OPERATIONS,150
2020,ANNUAL,YEAR,VIRGINIA,VA,51,"CATTLE, COWS, MILK, LICENSED HERD - OPERATIONS WITH INVENTORY, AVG",OPERATIONS,475
2020,ANNUAL,YEAR,VERMONT,VT,50,"CATTLE, COWS, MILK, LICENSED HERD - OPERATIONS WITH INVENTORY, AVG",OPERATIONS,640
2020,ANNUAL,YEAR,WASHINGTON,WA,53,"CATTLE, COWS, MILK, LICENSED HERD - OPERATIONS WITH INVENTORY, AVG",OPERATIONS,340
2020,ANNUAL,YEAR,WISCONSIN,WI,55,"CATTLE, COWS, MILK, LICENSED HERD - OPERATIONS WITH INVENTORY, AVG",OPERATIONS,"7,110"
2020,ANNUAL,YEAR,WEST VIRGINIA,WV,54,"CATTLE, COWS, MILK, LICENSED HERD - OPERATIONS WITH INVENTORY, AVG",OPERATIONS,45
2020,ANNUAL,YEAR,WYOMING,WY,56,"CATTLE, COWS, MILK, LICENSED HERD - OPERATIONS WITH INVENTORY, AVG",OPERATIONS,10
2021,ANNUAL,YEAR,ALASKA,AK,02,"CATTLE, COWS, MILK, LICENSED HERD - OPERATIONS WITH INVENTORY, AVG",OPERATIONS,1
2021,ANNUAL,YEAR,ALABAMA,AL,01,"CATTLE, COWS, MILK, LICENSED HERD - OPERATIONS WITH INVENTORY, AVG",OPERATIONS,15
2021,ANNUAL,YEAR,ARKANSAS,AR,05,"CATTLE, COWS, MILK, LICENSED HERD - OPERATIONS WITH INVENTORY, AVG",OPERATIONS,35
2021,ANNUAL,YEAR,ARIZONA,AZ,04,"CATTLE, COWS, MILK, LICENSED HERD - OPERATIONS WITH INVENTORY, AVG",OPERATIONS,80
2021,ANNUAL,YEAR,CALIFORNIA,CA,06,"CATTLE, COWS, MILK, LICENSED HERD - OPERATIONS WITH INVENTORY, AVG",OPERATIONS,"1,175"
2021,ANNUAL,YEAR,COLORADO,CO,08,"CATTLE, COWS, MILK, LICENSED HERD - OPERATIONS WITH INVENTORY, AVG",OPERATIONS,110
2021,ANNUAL,YEAR,CONNECTICUT,CT,09,"CATTLE, COWS, MILK, LICENSED HERD - OPERATIONS WITH INVENTORY, AVG",OPERATIONS,85
2021,ANNUAL,YEAR,DELAWARE,DE,10,"CATTLE, COWS, MILK, LICENSED HERD - OPERATIONS WITH INVENTORY, AVG",OPERATIONS,15
2021,ANNUAL,YEAR,FLORIDA,FL,12,"CATTLE, COWS, MILK, LICENSED HERD - OPERATIONS WITH INVENTORY, AVG",OPERATIONS,75
2021,ANNUAL,YEAR,GEORGIA,GA,13,"CATTLE, COWS, MILK, LICENSED HERD - OPERATIONS WITH INVENTORY, AVG",OPERATIONS,110
2021,ANNUAL,YEAR,HAWAII,HI,15,"CATTLE, COWS, MILK, LICENSED HERD - OPERATIONS WITH INVENTORY, AVG",OPERATIONS,1
2021,ANNUAL,YEAR,IOWA,IA,19,"CATTLE, COWS, MILK, LICENSED HERD - OPERATIONS WITH INVENTORY, AVG",OPERATIONS,880
2021,ANNUAL,YEAR,IDAHO,ID,16,"CATTLE, COWS, MILK, LICENSED HERD - OPERATIONS WITH INVENTORY, AVG",OPERATIONS,430
2021,ANNUAL,YEAR,ILLINOIS,IL,17,"CATTLE, COWS, MILK, LICENSED HERD - OPERATIONS WITH INVENTORY, AVG",OPERATIONS,495
2021,ANNUAL,YEAR,INDIANA,IN,18,"CATTLE, COWS, MILK, LICENSED HERD - OPERATIONS WITH INVENTORY, AVG",OPERATIONS,770
2021,ANNUAL,YEAR,KANSAS,KS,20,"CATTLE, COWS, MILK, LICENSED HERD - OPERATIONS WITH INVENTORY, AVG",OPERATIONS,230
2021,ANNUAL,YEAR,KENTUCKY,KY,21,"CATTLE, COWS, MILK, LICENSED HERD - OPERATIONS WITH INVENTORY, AVG",OPERATIONS,420
2021,ANNUAL,YEAR,LOUISIANA,LA,22,"CATTLE, COWS, MILK, LICENSED HERD - OPERATIONS WITH INVENTORY, AVG",OPERATIONS,70
2021,ANNUAL,YEAR,MASSACHUSETTS,MA,25,"CATTLE, COWS, MILK, LICENSED HERD - OPERATIONS WITH INVENTORY, AVG",OPERATIONS,110
2021,ANNUAL,YEAR,MARYLAND,MD,24,"CATTLE, COWS, MILK, LICENSED HERD - OPERATIONS WITH INVENTORY, AVG",OPERATIONS,320
2021,ANNUAL,YEAR,MAINE,ME,23,"CATTLE, COWS, MILK, LICENSED HERD - OPERATIONS WITH INVENTORY, AVG",OPERATIONS,190
2021,ANNUAL,YEAR,MICHIGAN,MI,26,"CATTLE, COWS, MILK, LICENSED HERD - OPERATIONS WITH INVENTORY, AVG",OPERATIONS,"1,140"
2021,ANNUAL,YEAR,MINNESOTA,MN,27,"CATTLE, COWS, MILK, LICENSED HERD - OPERATIONS WITH INVENTORY, AVG",OPERATIONS,"2,215"
2021,ANNUAL,YEAR,MISSOURI,MO,29,"CATTLE, COWS, MILK, LICENSED HERD - OPERATIONS WITH INVENTORY, AVG",OPERATIONS,650
2021,ANNUAL,YEAR,MISSISSIPPI,MS,28,"CATTLE, COWS, MILK, LICENSED HERD - OPERATIONS WITH INVENTORY, AVG",OPERATIONS,50
2021,ANNUAL,YEAR,MONTANA,MT,30,"CATTLE, COWS, MILK, LICENSED HERD - OPERATIONS WITH INVENTORY, AVG",OPERATIONS,45
2021,ANNUAL,YEAR,NORTH CAROLINA,NC,37,"CATTLE, COWS, MILK, LICENSED HERD - OPERATIONS WITH INVENTORY, AVG",OPERATIONS,140
2021,ANNUAL,YEAR,NORTH DAKOTA,ND,38,"CATTLE, COWS, MILK, LICENSED HERD - OPERATIONS WITH INVENTORY, AVG",OPERATIONS,55
2021,ANNUAL,YEAR,NEBRASKA,NE,31,"CATTLE, COWS, MILK, LICENSED HERD - OPERATIONS WITH INVENTORY, AVG",OPERATIONS,120
2021,ANNUAL,YEAR,NEW HAMPSHIRE,NH,33,"CATTLE, COWS, MILK, LICENSED HERD - OPERATIONS WITH INVENTORY, AVG",OPERATIONS,95
2021,ANNUAL,YEAR,NEW JERSEY,NJ,34,"CATTLE, COWS, MILK, LICENSED HERD - OPERATIONS WITH INVENTORY, AVG",OPERATIONS,40
2021,ANNUAL,YEAR,NEW MEXICO,NM,35,"CATTLE, COWS, MILK, LICENSED HERD - OPERATIONS WITH INVENTORY, AVG",OPERATIONS,120
2021,ANNUAL,YEAR,NEVADA,NV,32,"CATTLE, COWS, MILK, LICENSED HERD - OPERATIONS WITH INVENTORY, AVG",OPERATIONS,20
2021,ANNUAL,YEAR,NEW YORK,NY,36,"CATTLE, COWS, MILK, LICENSED HERD - OPERATIONS WITH INVENTORY, AVG",OPERATIONS,"3,430"
2021,ANNUAL,YEAR,OHIO,OH,39,"CATTLE, COWS, MILK, LICENSED HERD - OPERATIONS WITH INVENTORY, AVG",OPERATIONS,"1,620"
2021,ANNUAL,YEAR,OKLAHOMA,OK,40,"CATTLE, COWS, MILK, LICENSED HERD - OPERATIONS WITH INVENTORY, AVG",OPERATIONS,100
2021,ANNUAL,YEAR,OREGON,OR,41,"CATTLE, COWS, MILK, LICENSED HERD - OPERATIONS WITH INVENTORY, AVG",OPERATIONS,190
2021,ANNUAL,YEAR,PENNSYLVANIA,PA,42,"CATTLE, COWS, MILK, LICENSED HERD - OPERATIONS WITH INVENTORY, AVG",OPERATIONS,"5,200"
2021,ANNUAL,YEAR,RHODE ISLAND,RI,44,"CATTLE, COWS, MILK, LICENSED HERD - OPERATIONS WITH INVENTORY, AVG",OPERATIONS,10
2021,ANNUAL,YEAR,SOUTH CAROLINA,SC,45,"CATTLE, COWS, MILK, LICENSED HERD - OPERATIONS WITH INVENTORY, AVG",OPERATIONS,30
2021,ANNUAL,YEAR,SOUTH DAKOTA,SD,46,"CATTLE, COWS, MILK, LICENSED HERD - OPERATIONS WITH INVENTORY, AVG",OPERATIONS,165
2021,ANNUAL,YEAR,TENNESSEE,TN,47,"CATTLE, COWS, MILK, LICENSED HERD - OPERATIONS WITH INVENTORY, AVG",OPERATIONS,160
2021,ANNUAL,YEAR,TEXAS,TX,48,"CATTLE, COWS, MILK, LICENSED HERD - OPERATIONS WITH INVENTORY, AVG",OPERATIONS,340
2021,ANNUAL,YEAR,US TOTAL,US,99,"CATTLE, COWS, MILK, LICENSED HERD - OPERATIONS WITH INVENTORY, AVG",OPERATIONS,"29,842"
2021,ANNUAL,YEAR,UTAH,UT,49,"CATTLE, COWS, MILK, LICENSED HERD - OPERATIONS WITH INVENTORY, AVG",OPERATIONS,150
2021,ANNUAL,YEAR,VIRGINIA,VA,51,"CATTLE, COWS, MILK, LICENSED HERD - OPERATIONS WITH INVENTORY, AVG",OPERATIONS,420
2021,ANNUAL,YEAR,VERMONT,VT,50,"CATTLE, COWS, MILK, LICENSED HERD - OPERATIONS WITH INVENTORY, AVG",OPERATIONS,580
2021,ANNUAL,YEAR,WASHINGTON,WA,53,"CATTLE, COWS, MILK, LICENSED HERD - OPERATIONS WITH INVENTORY, AVG",OPERATIONS,330
2021,ANNUAL,YEAR,WISCONSIN,WI,55,"CATTLE, COWS, MILK, LICENSED HERD - OPERATIONS WITH INVENTORY, AVG",OPERATIONS,"6,770"
2021,ANNUAL,YEAR,WEST VIRGINIA,WV,54,"CATTLE, COWS, MILK, LICENSED HERD - OPERATIONS WITH INVENTORY, AVG",OPERATIONS,35
2021,ANNUAL,YEAR,WYOMING,WY,56,"CATTLE, COWS, MILK, LICENSED HERD - OPERATIONS WITH INVENTORY, AVG",OPERATIONS,5
2022,ANNUAL,YEAR,ALABAMA,AL,01,"CATTLE, COWS, MILK, LICENSED HERD - OPERATIONS WITH INVENTORY, AVG",OPERATIONS,10
2022,ANNUAL,YEAR,ARKANSAS,AR,05,"CATTLE, COWS, MILK, LICENSED HERD - OPERATIONS WITH INVENTORY, AVG",OPERATIONS,30
2022,ANNUAL,YEAR,ARIZONA,AZ,04,"CATTLE, COWS, MILK, LICENSED HERD - OPERATIONS WITH INVENTORY, AVG",OPERATIONS,80
2022,ANNUAL,YEAR,CALIFORNIA,CA,06,"CATTLE, COWS, MILK, LICENSED HERD - OPERATIONS WITH INVENTORY, AVG",OPERATIONS,"1,115"
2022,ANNUAL,YEAR,COLORADO,CO,08,"CATTLE, COWS, MILK, LICENSED HERD - OPERATIONS WITH INVENTORY, AVG",OPERATIONS,110
2022,ANNUAL,YEAR,CONNECTICUT,CT,09,"CATTLE, COWS, MILK, LICENSED HERD - OPERATIONS WITH INVENTORY, AVG",OPERATIONS,85
2022,ANNUAL,YEAR,DELAWARE,DE,10,"CATTLE, COWS, MILK, LICENSED HERD - OPERATIONS WITH INVENTORY, AVG",OPERATIONS,15
2022,ANNUAL,YEAR,FLORIDA,FL,12,"CATTLE, COWS, MILK, LICENSED HERD - OPERATIONS WITH INVENTORY, AVG",OPERATIONS,60
2022,ANNUAL,YEAR,GEORGIA,GA,13,"CATTLE, COWS, MILK, LICENSED HERD - OPERATIONS WITH INVENTORY, AVG",OPERATIONS,95
2022,ANNUAL,YEAR,IOWA,IA,19,"CATTLE, COWS, MILK, LICENSED HERD - OPERATIONS WITH INVENTORY, AVG",OPERATIONS,800
2022,ANNUAL,YEAR,IDAHO,ID,16,"CATTLE, COWS, MILK, LICENSED HERD - OPERATIONS WITH INVENTORY, AVG",OPERATIONS,410
2022,ANNUAL,YEAR,ILLINOIS,IL,17,"CATTLE, COWS, MILK, LICENSED HERD - OPERATIONS WITH INVENTORY, AVG",OPERATIONS,480
2022,ANNUAL,YEAR,INDIANA,IN,18,"CATTLE, COWS, MILK, LICENSED HERD - OPERATIONS WITH INVENTORY, AVG",OPERATIONS,735
2022,ANNUAL,YEAR,KANSAS,KS,20,"CATTLE, COWS, MILK, LICENSED HERD - OPERATIONS WITH INVENTORY, AVG",OPERATIONS,210
2022,ANNUAL,YEAR,KENTUCKY,KY,21,"CATTLE, COWS, MILK, LICENSED HERD - OPERATIONS WITH INVENTORY, AVG",OPERATIONS,380
2022,ANNUAL,YEAR,LOUISIANA,LA,22,"CATTLE, COWS, MILK, LICENSED HERD - OPERATIONS WITH INVENTORY, AVG",OPERATIONS,65
2022,ANNUAL,YEAR,MASSACHUSETTS,MA,25,"CATTLE, COWS, MILK, LICENSED HERD - OPERATIONS WITH INVENTORY, AVG",OPERATIONS,110
2022,ANNUAL,YEAR,MARYLAND,MD,24,"CATTLE, COWS, MILK, LICENSED HERD - OPERATIONS WITH INVENTORY, AVG",OPERATIONS,310
2022,ANNUAL,YEAR,MAINE,ME,23,"CATTLE, COWS, MILK, LICENSED HERD - OPERATIONS WITH INVENTORY, AVG",OPERATIONS,170
2022,ANNUAL,YEAR,MICHIGAN,MI,26,"CATTLE, COWS, MILK, LICENSED HERD - OPERATIONS WITH INVENTORY, AVG",OPERATIONS,"1,010"
2022,ANNUAL,YEAR,MINNESOTA,MN,27,"CATTLE, COWS, MILK, LICENSED HERD - OPERATIONS WITH INVENTORY, AVG",OPERATIONS,"2,035"
2022,ANNUAL,YEAR,MISSOURI,MO,29,"CATTLE, COWS, MILK, LICENSED HERD - OPERATIONS WITH INVENTORY, AVG",OPERATIONS,560
2022,ANNUAL,YEAR,MISSISSIPPI,MS,28,"CATTLE, COWS, MILK, LICENSED HERD - OPERATIONS WITH INVENTORY, AVG",OPERATIONS,45
2022,ANNUAL,YEAR,MONTANA,MT,30,"CATTLE, COWS, MILK, LICENSED HERD - OPERATIONS WITH INVENTORY, AVG",OPERATIONS,45
2022,ANNUAL,YEAR,NORTH CAROLINA,NC,37,"CATTLE, COWS, MILK, LICENSED HERD - OPERATIONS WITH INVENTORY, AVG",OPERATIONS,130
2022,ANNUAL,YEAR,NORTH DAKOTA,ND,38,"CATTLE, COWS, MILK, LICENSED HERD - OPERATIONS WITH INVENTORY, AVG",OPERATIONS,40
2022,ANNUAL,YEAR,NEBRASKA,NE,31,"CATTLE, COWS, MILK, LICENSED HERD - OPERATIONS WITH INVENTORY, AVG",OPERATIONS,100
2022,ANNUAL,YEAR,NEW HAMPSHIRE,NH,33,"CATTLE, COWS, MILK, LICENSED HERD - OPERATIONS WITH INVENTORY, AVG",OPERATIONS,95
2022,ANNUAL,YEAR,NEW JERSEY,NJ,34,"CATTLE, COWS, MILK, LICENSED HERD - OPERATIONS WITH INVENTORY, AVG",OPERATIONS,40
2022,ANNUAL,YEAR,NEW MEXICO,NM,35,"CATTLE, COWS, MILK, LICENSED HERD - OPERATIONS WITH INVENTORY, AVG",OPERATIONS,110
2022,ANNUAL,YEAR,NEVADA,NV,32,"CATTLE, COWS, MILK, LICENSED HERD - OPERATIONS WITH INVENTORY, AVG",OPERATIONS,20
2022,ANNUAL,YEAR,NEW YORK,NY,36,"CATTLE, COWS, MILK, LICENSED HERD - OPERATIONS WITH INVENTORY, AVG",OPERATIONS,"3,210"
2022,ANNUAL,YEAR,OHIO,OH,39,"CATTLE, COWS, MILK, LICENSED HERD - OPERATIONS WITH INVENTORY, AVG",OPERATIONS,"1,525"
2022,ANNUAL,YEAR,OKLAHOMA,OK,40,"CATTLE, COWS, MILK, LICENSED HERD - OPERATIONS WITH INVENTORY, AVG",OPERATIONS,85
2022,ANNUAL,YEAR,OREGON,OR,41,"CATTLE, COWS, MILK, LICENSED HERD - OPERATIONS WITH INVENTORY, AVG",OPERATIONS,170
2022,ANNUAL,YEAR,OTHER STATES,OT,98,"CATTLE, COWS, MILK, LICENSED HERD - OPERATIONS WITH INVENTORY, AVG",OPERATIONS,17
2022,ANNUAL,YEAR,PENNSYLVANIA,PA,42,"CATTLE, COWS, MILK, LICENSED HERD - OPERATIONS WITH INVENTORY, AVG",OPERATIONS,"5,000"
2022,ANNUAL,YEAR,SOUTH CAROLINA,SC,45,"CATTLE, COWS, MILK, LICENSED HERD - OPERATIONS WITH INVENTORY, AVG",OPERATIONS,30
2022,ANNUAL,YEAR,SOUTH DAKOTA,SD,46,"CATTLE, COWS, MILK, LICENSED HERD - OPERATIONS WITH INVENTORY, AVG",OPERATIONS,155
2022,ANNUAL,YEAR,TENNESSEE,TN,47,"CATTLE, COWS, MILK, LICENSED HERD - OPERATIONS WITH INVENTORY, AVG",OPERATIONS,140
2022,ANNUAL,YEAR,TEXAS,TX,48,"CATTLE, COWS, MILK, LICENSED HERD - OPERATIONS WITH INVENTORY, AVG",OPERATIONS,320
2022,ANNUAL,YEAR,US TOTAL,US,99,"CATTLE, COWS, MILK, LICENSED HERD - OPERATIONS WITH INVENTORY, AVG",OPERATIONS,"27,932"
2022,ANNUAL,YEAR,UTAH,UT,49,"CATTLE, COWS, MILK, LICENSED HERD - OPERATIONS WITH INVENTORY, AVG",OPERATIONS,150
2022,ANNUAL,YEAR,VIRGINIA,VA,51,"CATTLE, COWS, MILK, LICENSED HERD - OPERATIONS WITH INVENTORY, AVG",OPERATIONS,390
2022,ANNUAL,YEAR,VERMONT,VT,50,"CATTLE, COWS, MILK, LICENSED HERD - OPERATIONS WITH INVENTORY, AVG",OPERATIONS,550
2022,ANNUAL,YEAR,WASHINGTON,WA,53,"CATTLE, COWS, MILK, LICENSED HERD - OPERATIONS WITH INVENTORY, AVG",OPERATIONS,310
2022,ANNUAL,YEAR,WISCONSIN,WI,55,"CATTLE, COWS, MILK, LICENSED HERD - OPERATIONS WITH INVENTORY, AVG",OPERATIONS,"6,350"
2022,ANNUAL,YEAR,WEST VIRGINIA,WV,54,"CATTLE, COWS, MILK, LICENSED HERD - OPERATIONS WITH INVENTORY, AVG",OPERATIONS,30
2023,ANNUAL,YEAR,ALABAMA,AL,01,"CATTLE, COWS, MILK, LICENSED HERD - OPERATIONS WITH INVENTORY, AVG",OPERATIONS,10
2023,ANNUAL,YEAR,ARKANSAS,AR,05,"CATTLE, COWS, MILK, LICENSED HERD - OPERATIONS WITH INVENTORY, AVG",OPERATIONS,25
2023,ANNUAL,YEAR,ARIZONA,AZ,04,"CATTLE, COWS, MILK, LICENSED HERD - OPERATIONS WITH INVENTORY, AVG",OPERATIONS,75
2023,ANNUAL,YEAR,CALIFORNIA,CA,06,"CATTLE, COWS, MILK, LICENSED HERD - OPERATIONS WITH INVENTORY, AVG",OPERATIONS,"1,050"
2023,ANNUAL,YEAR,COLORADO,CO,08,"CATTLE, COWS, MILK, LICENSED HERD - OPERATIONS WITH INVENTORY, AVG",OPERATIONS,110
2023,ANNUAL,YEAR,CONNECTICUT,CT,09,"CATTLE, COWS, MILK, LICENSED HERD - OPERATIONS WITH INVENTORY, AVG",OPERATIONS,85
2023,ANNUAL,YEAR,DELAWARE,DE,10,"CATTLE, COWS, MILK, LICENSED HERD - OPERATIONS WITH INVENTORY, AVG",OPERATIONS,15
2023,ANNUAL,YEAR,FLORIDA,FL,12,"CATTLE, COWS, MILK, LICENSED HERD - OPERATIONS WITH INVENTORY, AVG",OPERATIONS,55
2023,ANNUAL,YEAR,GEORGIA,GA,13,"CATTLE, COWS, MILK, LICENSED HERD - OPERATIONS WITH INVENTORY, AVG",OPERATIONS,85
2023,ANNUAL,YEAR,IOWA,IA,19,"CATTLE, COWS, MILK, LICENSED HERD - OPERATIONS WITH INVENTORY, AVG",OPERATIONS,750
2023,ANNUAL,YEAR,IDAHO,ID,16,"CATTLE, COWS, MILK, LICENSED HERD - OPERATIONS WITH INVENTORY, AVG",OPERATIONS,390
2023,ANNUAL,YEAR,ILLINOIS,IL,17,"CATTLE, COWS, MILK, LICENSED HERD - OPERATIONS WITH INVENTORY, AVG",OPERATIONS,435
2023,ANNUAL,YEAR,INDIANA,IN,18,"CATTLE, COWS, MILK, LICENSED HERD - OPERATIONS WITH INVENTORY, AVG",OPERATIONS,700
2023,ANNUAL,YEAR,KANSAS,KS,20,"CATTLE, COWS, MILK, LICENSED HERD - OPERATIONS WITH INVENTORY, AVG",OPERATIONS,190
2023,ANNUAL,YEAR,KENTUCKY,KY,21,"CATTLE, COWS, MILK, LICENSED HERD - OPERATIONS WITH INVENTORY, AVG",OPERATIONS,360
2023,ANNUAL,YEAR,LOUISIANA,LA,22,"CATTLE, COWS, MILK, LICENSED HERD - OPERATIONS WITH INVENTORY, AVG",OPERATIONS,60
2023,ANNUAL,YEAR,MASSACHUSETTS,MA,25,"CATTLE, COWS, MILK, LICENSED HERD - OPERATIONS WITH INVENTORY, AVG",OPERATIONS,100
2023,ANNUAL,YEAR,MARYLAND,MD,24,"CATTLE, COWS, MILK, LICENSED HERD - OPERATIONS WITH INVENTORY, AVG",OPERATIONS,300
2023,ANNUAL,YEAR,MAINE,ME,23,"CATTLE, COWS, MILK, LICENSED HERD - OPERATIONS WITH INVENTORY, AVG",OPERATIONS,150
2023,ANNUAL,YEAR,MICHIGAN,MI,26,"CATTLE, COWS, MILK, LICENSED HERD - OPERATIONS WITH INVENTORY, AVG",OPERATIONS,850
2023,ANNUAL,YEAR,MINNESOTA,MN,27,"CATTLE, COWS, MILK, LICENSED HERD - OPERATIONS WITH INVENTORY, AVG",OPERATIONS,"1,855"
2023,ANNUAL,YEAR,MISSOURI,MO,29,"CATTLE, COWS, MILK, LICENSED HERD - OPERATIONS WITH INVENTORY, AVG",OPERATIONS,470
2023,ANNUAL,YEAR,MISSISSIPPI,MS,28,"CATTLE, COWS, MILK, LICENSED HERD - OPERATIONS WITH INVENTORY, AVG",OPERATIONS,40
2023,ANNUAL,YEAR,MONTANA,MT,30,"CATTLE, COWS, MILK, LICENSED HERD - OPERATIONS WITH INVENTORY, AVG",OPERATIONS,40
2023,ANNUAL,YEAR,NORTH CAROLINA,NC,37,"CATTLE, COWS, MILK, LICENSED HERD - OPERATIONS WITH INVENTORY, AVG",OPERATIONS,120
2023,ANNUAL,YEAR,NORTH DAKOTA,ND,38,"CATTLE, COWS, MILK, LICENSED HERD - OPERATIONS WITH INVENTORY, AVG",OPERATIONS,35
2023,ANNUAL,YEAR,NEBRASKA,NE,31,"CATTLE, COWS, MILK, LICENSED HERD - OPERATIONS WITH INVENTORY, AVG",OPERATIONS,90
2023,ANNUAL,YEAR,NEW HAMPSHIRE,NH,33,"CATTLE, COWS, MILK, LICENSED HERD - OPERATIONS WITH INVENTORY, AVG",OPERATIONS,90
2023,ANNUAL,YEAR,NEW JERSEY,NJ,34,"CATTLE, COWS, MILK, LICENSED HERD - OPERATIONS WITH INVENTORY, AVG",OPERATIONS,40
2023,ANNUAL,YEAR,NEW MEXICO,NM,35,"CATTLE, COWS, MILK, LICENSED HERD - OPERATIONS WITH INVENTORY, AVG",OPERATIONS,100
2023,ANNUAL,YEAR,NEVADA,NV,32,"CATTLE, COWS, MILK, LICENSED HERD - OPERATIONS WITH INVENTORY, AVG",OPERATIONS,20
2023,ANNUAL,YEAR,NEW YORK,NY,36,"CATTLE, COWS, MILK, LICENSED HERD - OPERATIONS WITH INVENTORY, AVG",OPERATIONS,"3,030"
2023,ANNUAL,YEAR,OHIO,OH,39,"CATTLE, COWS, MILK, LICENSED HERD - OPERATIONS WITH INVENTORY, AVG",OPERATIONS,"1,465"
2023,ANNUAL,YEAR,OKLAHOMA,OK,40,"CATTLE, COWS, MILK, LICENSED HERD - OPERATIONS WITH INVENTORY, AVG",OPERATIONS,75
2023,ANNUAL,YEAR,OREGON,OR,41,"CATTLE, COWS, MILK, LICENSED HERD - OPERATIONS WITH INVENTORY, AVG",OPERATIONS,150
2023,ANNUAL,YEAR,OTHER STATES,OT,98,"CATTLE, COWS, MILK, LICENSED HERD - OPERATIONS WITH INVENTORY, AVG",OPERATIONS,15
2023,ANNUAL,YEAR,PENNSYLVANIA,PA,42,"CATTLE, COWS, MILK, LICENSED HERD - OPERATIONS WITH INVENTORY, AVG",OPERATIONS,"4,940"
2023,ANNUAL,YEAR,SOUTH CAROLINA,SC,45,"CATTLE, COWS, MILK, LICENSED HERD - OPERATIONS WITH INVENTORY, AVG",OPERATIONS,25
2023,ANNUAL,YEAR,SOUTH DAKOTA,SD,46,"CATTLE, COWS, MILK, LICENSED HERD - OPERATIONS WITH INVENTORY, AVG",OPERATIONS,145
2023,ANNUAL,YEAR,TENNESSEE,TN,47,"CATTLE, COWS, MILK, LICENSED HERD - OPERATIONS WITH INVENTORY, AVG",OPERATIONS,130
2023,ANNUAL,YEAR,TEXAS,TX,48,"CATTLE, COWS, MILK, LICENSED HERD - OPERATIONS WITH INVENTORY, AVG",OPERATIONS,310
2023,ANNUAL,YEAR,US TOTAL,US,99,"CATTLE, COWS, MILK, LICENSED HERD - OPERATIONS WITH INVENTORY, AVG",OPERATIONS,"26,245"
2023,ANNUAL,YEAR,UTAH,UT,49,"CATTLE, COWS, MILK, LICENSED HERD - OPERATIONS WITH INVENTORY, AVG",OPERATIONS,140
2023,ANNUAL,YEAR,VIRGINIA,VA,51,"CATTLE, COWS, MILK, LICENSED HERD - OPERATIONS WITH INVENTORY, AVG",OPERATIONS,365
2023,ANNUAL,YEAR,VERMONT,VT,50,"CATTLE, COWS, MILK, LICENSED HERD - OPERATIONS WITH INVENTORY, AVG",OPERATIONS,500
2023,ANNUAL,YEAR,WASHINGTON,WA,53,"CATTLE, COWS, MILK, LICENSED HERD - OPERATIONS WITH INVENTORY, AVG",OPERATIONS,310
2023,ANNUAL,YEAR,WISCONSIN,WI,55,"CATTLE, COWS, MILK, LICENSED HERD - OPERATIONS WITH INVENTORY, AVG",OPERATIONS,"5,920"
2023,ANNUAL,YEAR,WEST VIRGINIA,WV,54,"CATTLE, COWS, MILK, LICENSED HERD - OPERATIONS WITH INVENTORY, AVG",OPERATIONS,30
2024,ANNUAL,YEAR,ALABAMA,AL,01,"CATTLE, COWS, MILK, LICENSED HERD - OPERATIONS WITH INVENTORY, AVG",OPERATIONS,10
2024,ANNUAL,YEAR,ARKANSAS,AR,05,"CATTLE, COWS, MILK, LICENSED HERD - OPERATIONS WITH INVENTORY, AVG",OPERATIONS,20
2024,ANNUAL,YEAR,ARIZONA,AZ,04,"CATTLE, COWS, MILK, LICENSED HERD - OPERATIONS WITH INVENTORY, AVG",OPERATIONS,70
2024,ANNUAL,YEAR,CALIFORNIA,CA,06,"CATTLE, COWS, MILK, LICENSED HERD - OPERATIONS WITH INVENTORY, AVG",OPERATIONS,995
2024,ANNUAL,YEAR,COLORADO,CO,08,"CATTLE, COWS, MILK, LICENSED HERD - OPERATIONS WITH INVENTORY, AVG",OPERATIONS,100
2024,ANNUAL,YEAR,CONNECTICUT,CT,09,"CATTLE, COWS, MILK, LICENSED HERD - OPERATIONS WITH INVENTORY, AVG",OPERATIONS,85
2024,ANNUAL,YEAR,DELAWARE,DE,10,"CATTLE, COWS, MILK, LICENSED HERD - OPERATIONS WITH INVENTORY, AVG",OPERATIONS,15
2024,ANNUAL,YEAR,FLORIDA,FL,12,"CATTLE, COWS, MILK, LICENSED HERD - OPERATIONS WITH INVENTORY, AVG",OPERATIONS,45
2024,ANNUAL,YEAR,GEORGIA,GA,13,"CATTLE, COWS, MILK, LICENSED HERD - OPERATIONS WITH INVENTORY, AVG",OPERATIONS,80
2024,ANNUAL,YEAR,IOWA,IA,19,"CATTLE, COWS, MILK, LICENSED HERD - OPERATIONS WITH INVENTORY, AVG",OPERATIONS,705
2024,ANNUAL,YEAR,IDAHO,ID,16,"CATTLE, COWS, MILK, LICENSED HERD - OPERATIONS WITH INVENTORY, AVG",OPERATIONS,350
2024,ANNUAL,YEAR,ILLINOIS,IL,17,"CATTLE, COWS, MILK, LICENSED HERD - OPERATIONS WITH INVENTORY, AVG",OPERATIONS,415
2024,ANNUAL,YEAR,INDIANA,IN,18,"CATTLE, COWS, MILK, LICENSED HERD - OPERATIONS WITH INVENTORY, AVG",OPERATIONS,685
2024,ANNUAL,YEAR,KANSAS,KS,20,"CATTLE, COWS, MILK, LICENSED HERD - OPERATIONS WITH INVENTORY, AVG",OPERATIONS,160
2024,ANNUAL,YEAR,KENTUCKY,KY,21,"CATTLE, COWS, MILK, LICENSED HERD - OPERATIONS WITH INVENTORY, AVG",OPERATIONS,340
2024,ANNUAL,YEAR,LOUISIANA,LA,22,"CATTLE, COWS, MILK, LICENSED HERD - OPERATIONS WITH INVENTORY, AVG",OPERATIONS,55
2024,ANNUAL,YEAR,MASSACHUSETTS,MA,25,"CATTLE, COWS, MILK, LICENSED HERD - OPERATIONS WITH INVENTORY, AVG",OPERATIONS,100
2024,ANNUAL,YEAR,MARYLAND,MD,24,"CATTLE, COWS, MILK, LICENSED HERD - OPERATIONS WITH INVENTORY, AVG",OPERATIONS,290
2024,ANNUAL,YEAR,MAINE,ME,23,"CATTLE, COWS, MILK, LICENSED HERD - OPERATIONS WITH INVENTORY, AVG",OPERATIONS,140
2024,ANNUAL,YEAR,MICHIGAN,MI,26,"CATTLE, COWS, MILK, LICENSED HERD - OPERATIONS WITH INVENTORY, AVG",OPERATIONS,845
2024,ANNUAL,YEAR,MINNESOTA,MN,27,"CATTLE, COWS, MILK, LICENSED HERD - OPERATIONS WITH INVENTORY, AVG",OPERATIONS,"1,690"
2024,ANNUAL,YEAR,MISSOURI,MO,29,"CATTLE, COWS, MILK, LICENSED HERD - OPERATIONS WITH INVENTORY, AVG",OPERATIONS,390
2024,ANNUAL,YEAR,MISSISSIPPI,MS,28,"CATTLE, COWS, MILK, LICENSED HERD - OPERATIONS WITH INVENTORY, AVG",OPERATIONS,30
2024,ANNUAL,YEAR,MONTANA,MT,30,"CATTLE, COWS, MILK, LICENSED HERD - OPERATIONS WITH INVENTORY, AVG",OPERATIONS,35
2024,ANNUAL,YEAR,NORTH CAROLINA,NC,37,"CATTLE, COWS, MILK, LICENSED HERD - OPERATIONS WITH INVENTORY, AVG",OPERATIONS,105
2024,ANNUAL,YEAR,NORTH DAKOTA,ND,38,"CATTLE, COWS, MILK, LICENSED HERD - OPERATIONS WITH INVENTORY, AVG",OPERATIONS,25
2024,ANNUAL,YEAR,NEBRASKA,NE,31,"CATTLE, COWS, MILK, LICENSED HERD - OPERATIONS WITH INVENTORY, AVG",OPERATIONS,80
2024,ANNUAL,YEAR,NEW HAMPSHIRE,NH,33,"CATTLE, COWS, MILK, LICENSED HERD - OPERATIONS WITH INVENTORY, AVG",OPERATIONS,80
2024,ANNUAL,YEAR,NEW JERSEY,NJ,34,"CATTLE, COWS, MILK, LICENSED HERD - OPERATIONS WITH INVENTORY, AVG",OPERATIONS,40
2024,ANNUAL,YEAR,NEW MEXICO,NM,35,"CATTLE, COWS, MILK, LICENSED HERD - OPERATIONS WITH INVENTORY, AVG",OPERATIONS,95
2024,ANNUAL,YEAR,NEVADA,NV,32,"CATTLE, COWS, MILK, LICENSED HERD - OPERATIONS WITH INVENTORY, AVG",OPERATIONS,20
2024,ANNUAL,YEAR,NEW YORK,NY,36,"CATTLE, COWS, MILK, LICENSED HERD - OPERATIONS WITH INVENTORY, AVG",OPERATIONS,"2,880"
2024,ANNUAL,YEAR,OHIO,OH,39,"CATTLE, COWS, MILK, LICENSED HERD - OPERATIONS WITH INVENTORY, AVG",OPERATIONS,"1,395"
2024,ANNUAL,YEAR,OKLAHOMA,OK,40,"CATTLE, COWS, MILK, LICENSED HERD - OPERATIONS WITH INVENTORY, AVG",OPERATIONS,65
2024,ANNUAL,YEAR,OREGON,OR,41,"CATTLE, COWS, MILK, LICENSED HERD - OPERATIONS WITH INVENTORY, AVG",OPERATIONS,140
2024,ANNUAL,YEAR,OTHER STATES,OT,98,"CATTLE, COWS, MILK, LICENSED HERD - OPERATIONS WITH INVENTORY, AVG",OPERATIONS,15
2024,ANNUAL,YEAR,PENNSYLVANIA,PA,42,"CATTLE, COWS, MILK, LICENSED HERD - OPERATIONS WITH INVENTORY, AVG",OPERATIONS,"4,680"
2024,ANNUAL,YEAR,SOUTH CAROLINA,SC,45,"CATTLE, COWS, MILK, LICENSED HERD - OPERATIONS WITH INVENTORY, AVG",OPERATIONS,30
2024,ANNUAL,YEAR,SOUTH DAKOTA,SD,46,"CATTLE, COWS, MILK, LICENSED HERD - OPERATIONS WITH INVENTORY, AVG",OPERATIONS,135
2024,ANNUAL,YEAR,TENNESSEE,TN,47,"CATTLE, COWS, MILK, LICENSED HERD - OPERATIONS WITH INVENTORY, AVG",OPERATIONS,120
2024,ANNUAL,YEAR,TEXAS,TX,48,"CATTLE, COWS, MILK, LICENSED HERD - OPERATIONS WITH INVENTORY, AVG",OPERATIONS,290
2024,ANNUAL,YEAR,US TOTAL,US,99,"CATTLE, COWS, MILK, LICENSED HERD - OPERATIONS WITH INVENTORY, AVG",OPERATIONS,"24,645"
2024,ANNUAL,YEAR,UTAH,UT,49,"CATTLE, COWS, MILK, LICENSED HERD - OPERATIONS WITH INVENTORY, AVG",OPERATIONS,130
2024,ANNUAL,YEAR,VIRGINIA,VA,51,"CATTLE, COWS, MILK, LICENSED HERD - OPERATIONS WITH INVENTORY, AVG",OPERATIONS,355
2024,ANNUAL,YEAR,VERMONT,VT,50,"CATTLE, COWS, MILK, LICENSED HERD - OPERATIONS WITH INVENTORY, AVG",OPERATIONS,490
2024,ANNUAL,YEAR,WASHINGTON,WA,53,"CATTLE, COWS, MILK, LICENSED HERD - OPERATIONS WITH INVENTORY, AVG",OPERATIONS,280
2024,ANNUAL,YEAR,WISCONSIN,WI,55,"CATTLE, COWS, MILK, LICENSED HERD - OPERATIONS WITH INVENTORY, AVG",OPERATIONS,"5,520"
2024,ANNUAL,YEAR,WEST VIRGINIA,WV,54,"CATTLE, COWS, MILK, LICENSED HERD - OPERATIONS WITH INVENTORY, AVG",OPERATIONS,25
2025,ANNUAL,YEAR,ALABAMA,AL,01,"CATTLE, COWS, MILK, LICENSED HERD - OPERATIONS WITH INVENTORY, AVG",OPERATIONS,10
2025,ANNUAL,YEAR,ARKANSAS,AR,05,"CATTLE, COWS, MILK, LICENSED HERD - OPERATIONS WITH INVENTORY, AVG",OPERATIONS,15
2025,ANNUAL,YEAR,ARIZONA,AZ,04,"CATTLE, COWS, MILK, LICENSED HERD - OPERATIONS WITH INVENTORY, AVG",OPERATIONS,65
2025,ANNUAL,YEAR,CALIFORNIA,CA,06,"CATTLE, COWS, MILK, LICENSED HERD - OPERATIONS WITH INVENTORY, AVG",OPERATIONS,960
2025,ANNUAL,YEAR,COLORADO,CO,08,"CATTLE, COWS, MILK, LICENSED HERD - OPERATIONS WITH INVENTORY, AVG",OPERATIONS,100
2025,ANNUAL,YEAR,CONNECTICUT,CT,09,"CATTLE, COWS, MILK, LICENSED HERD - OPERATIONS WITH INVENTORY, AVG",OPERATIONS,85
2025,ANNUAL,YEAR,DELAWARE,DE,10,"CATTLE, COWS, MILK, LICENSED HERD - OPERATIONS WITH INVENTORY, AVG",OPERATIONS,15
2025,ANNUAL,YEAR,FLORIDA,FL,12,"CATTLE, COWS, MILK, LICENSED HERD - OPERATIONS WITH INVENTORY, AVG",OPERATIONS,50
2025,ANNUAL,YEAR,GEORGIA,GA,13,"CATTLE, COWS, MILK, LICENSED HERD - OPERATIONS WITH INVENTORY, AVG",OPERATIONS,75
2025,ANNUAL,YEAR,IOWA,IA,19,"CATTLE, COWS, MILK, LICENSED HERD - OPERATIONS WITH INVENTORY, AVG",OPERATIONS,675
2025,ANNUAL,YEAR,IDAHO,ID,16,"CATTLE, COWS, MILK, LICENSED HERD - OPERATIONS WITH INVENTORY, AVG",OPERATIONS,350
2025,ANNUAL,YEAR,ILLINOIS,IL,17,"CATTLE, COWS, MILK, LICENSED HERD - OPERATIONS WITH INVENTORY, AVG",OPERATIONS,405
2025,ANNUAL,YEAR,INDIANA,IN,18,"CATTLE, COWS, MILK, LICENSED HERD - OPERATIONS WITH INVENTORY, AVG",OPERATIONS,675
2025,ANNUAL,YEAR,KANSAS,KS,20,"CATTLE, COWS, MILK, LICENSED HERD - OPERATIONS WITH INVENTORY, AVG",OPERATIONS,130
2025,ANNUAL,YEAR,KENTUCKY,KY,21,"CATTLE, COWS, MILK, LICENSED HERD - OPERATIONS WITH INVENTORY, AVG",OPERATIONS,330
2025,ANNUAL,YEAR,LOUISIANA,LA,22,"CATTLE, COWS, MILK, LICENSED HERD - OPERATIONS WITH INVENTORY, AVG",OPERATIONS,45
2025,ANNUAL,YEAR,MASSACHUSETTS,MA,25,"CATTLE, COWS, MILK, LICENSED HERD - OPERATIONS WITH INVENTORY, AVG",OPERATIONS,95
2025,ANNUAL,YEAR,MARYLAND,MD,24,"CATTLE, COWS, MILK, LICENSED HERD - OPERATIONS WITH INVENTORY, AVG",OPERATIONS,290
2025,ANNUAL,YEAR,MAINE,ME,23,"CATTLE, COWS, MILK, LICENSED HERD - OPERATIONS WITH INVENTORY, AVG",OPERATIONS,130
2025,ANNUAL,YEAR,MICHIGAN,MI,26,"CATTLE, COWS, MILK, LICENSED HERD - OPERATIONS WITH INVENTORY, AVG",OPERATIONS,825
2025,ANNUAL,YEAR,MINNESOTA,MN,27,"CATTLE, COWS, MILK, LICENSED HERD - OPERATIONS WITH INVENTORY, AVG",OPERATIONS,"1,605"
2025,ANNUAL,YEAR,MISSOURI,MO,29,"CATTLE, COWS, MILK, LICENSED HERD - OPERATIONS WITH INVENTORY, AVG",OPERATIONS,345
2025,ANNUAL,YEAR,MISSISSIPPI,MS,28,"CATTLE, COWS, MILK, LICENSED HERD - OPERATIONS WITH INVENTORY, AVG",OPERATIONS,25
2025,ANNUAL,YEAR,MONTANA,MT,30,"CATTLE, COWS, MILK, LICENSED HERD - OPERATIONS WITH INVENTORY, AVG",OPERATIONS,35
2025,ANNUAL,YEAR,NORTH CAROLINA,NC,37,"CATTLE, COWS, MILK, LICENSED HERD - OPERATIONS WITH INVENTORY, AVG",OPERATIONS,95
2025,ANNUAL,YEAR,NORTH DAKOTA,ND,38,"CATTLE, COWS, MILK, LICENSED HERD - OPERATIONS WITH INVENTORY, AVG",OPERATIONS,20
2025,ANNUAL,YEAR,NEBRASKA,NE,31,"CATTLE, COWS, MILK, LICENSED HERD - OPERATIONS WITH INVENTORY, AVG",OPERATIONS,75
2025,ANNUAL,YEAR,NEW HAMPSHIRE,NH,33,"CATTLE, COWS, MILK, LICENSED HERD - OPERATIONS WITH INVENTORY, AVG",OPERATIONS,75
2025,ANNUAL,YEAR,NEW JERSEY,NJ,34,"CATTLE, COWS, MILK, LICENSED HERD - OPERATIONS WITH INVENTORY, AVG",OPERATIONS,35
2025,ANNUAL,YEAR,NEW MEXICO,NM,35,"CATTLE, COWS, MILK, LICENSED HERD - OPERATIONS WITH INVENTORY, AVG",OPERATIONS,90
2025,ANNUAL,YEAR,NEVADA,NV,32,"CATTLE, COWS, MILK, LICENSED HERD - OPERATIONS WITH INVENTORY, AVG",OPERATIONS,20
2025,ANNUAL,YEAR,NEW YORK,NY,36,"CATTLE, COWS, MILK, LICENSED HERD - OPERATIONS WITH INVENTORY, AVG",OPERATIONS,"2,760"
2025,ANNUAL,YEAR,OHIO,OH,39,"CATTLE, COWS, MILK, LICENSED HERD - OPERATIONS WITH INVENTORY, AVG",OPERATIONS,"1,365"
2025,ANNUAL,YEAR,OKLAHOMA,OK,40,"CATTLE, COWS, MILK, LICENSED HERD - OPERATIONS WITH INVENTORY, AVG",OPERATIONS,55
2025,ANNUAL,YEAR,OREGON,OR,41,"CATTLE, COWS, MILK, LICENSED HERD - OPERATIONS WITH INVENTORY, AVG",OPERATIONS,140
2025,ANNUAL,YEAR,OTHER STATES,OT,98,"CATTLE, COWS, MILK, LICENSED HERD - OPERATIONS WITH INVENTORY, AVG",OPERATIONS,9
2025,ANNUAL,YEAR,PENNSYLVANIA,PA,42,"CATTLE, COWS, MILK, LICENSED HERD - OPERATIONS WITH INVENTORY, AVG",OPERATIONS,"4,360"
2025,ANNUAL,YEAR,SOUTH CAROLINA,SC,45,"CATTLE, COWS, MILK, LICENSED HERD - OPERATIONS WITH INVENTORY, AVG",OPERATIONS,25
2025,ANNUAL,YEAR,SOUTH DAKOTA,SD,46,"CATTLE, COWS, MILK, LICENSED HERD - OPERATIONS WITH INVENTORY, AVG",OPERATIONS,135
2025,ANNUAL,YEAR,TENNESSEE,TN,47,"CATTLE, COWS, MILK, LICENSED HERD - OPERATIONS WITH INVENTORY, AVG",OPERATIONS,110
2025,ANNUAL,YEAR,TEXAS,TX,48,"CATTLE, COWS, MILK, LICENSED HERD - OPERATIONS WITH INVENTORY, AVG",OPERATIONS,280
2025,ANNUAL,YEAR,US TOTAL,US,99,"CATTLE, COWS, MILK, LICENSED HERD - OPERATIONS WITH INVENTORY, AVG",OPERATIONS,"23,609"
2025,ANNUAL,YEAR,UTAH,UT,49,"CATTLE, COWS, MILK, LICENSED HERD - OPERATIONS WITH INVENTORY, AVG",OPERATIONS,130
2025,ANNUAL,YEAR,VIRGINIA,VA,51,"CATTLE, COWS, MILK, LICENSED HERD - OPERATIONS WITH INVENTORY, AVG",OPERATIONS,345
2025,ANNUAL,YEAR,VERMONT,VT,50,"CATTLE, COWS, MILK, LICENSED HERD - OPERATIONS WITH INVENTORY, AVG",OPERATIONS,470
2025,ANNUAL,YEAR,WASHINGTON,WA,53,"CATTLE, COWS, MILK, LICENSED HERD - OPERATIONS WITH INVENTORY, AVG",OPERATIONS,280
2025,ANNUAL,YEAR,WISCONSIN,WI,55,"CATTLE, COWS, MILK, LICENSED HERD - OPERATIONS WITH INVENTORY, AVG",OPERATIONS,"5,375"
2025,ANNUAL,YEAR,WEST VIRGINIA,WV,54,"CATTLE, COWS, MILK, LICENSED HERD - OPERATIONS WITH INVENTORY, AVG",OPERATIONS,25
